,Date,Title
0,2020-10-31 08:01:00,[유안타證 주간추천주]‘신작 모멘텀 유효’…엔씨소프트·이마트·컴투스
1,2020-10-30 14:06:00,엔씨소프트 신작 ‘트릭스터M’ 이틀만에 사전예약 100만 돌파
2,2020-10-30 13:24:00,"엔씨소프트, 트릭스터M 사전 예약 100만 달성"
3,2020-10-30 13:42:00,"엔씨소프트 ‘아이온’, 11월11일 ‘클래식 서버’ 연다"
4,2020-10-27 18:09:00,"김택진 엔씨소프트 대표 ""게임은 미래 문화산업 핵심 동력"""
5,2020-10-26 14:55:00,"엔씨소프트, 28일 ‘귀여운 리니지’ 트릭스터M 사전예약"
6,2020-10-26 11:21:00,"엔씨소프트, 트릭스터M 28일부터 사전 예약 실시"
7,2020-10-25 13:47:00,[주간추천주]확실한 실적주에 러브콜…삼성전자·엔씨소프트·CJ제일제당
8,2020-10-21 14:20:00,"엔씨소프트, 게임 이야기 담은 그림 언어 타입 플레이 공개"
9,2020-10-21 08:38:00,"엔씨소프트, 해외에서도 흥하는 MMORPG…목표가 112만원-유안타"
10,2020-10-21 08:00:00,"엔씨소프트, 3·4분기 컨센서스 상회 전망-유안타"
11,2020-10-21 07:50:00,"엔씨소프트, 3Q 실적 컨센서스 상회 전망-유안타"
12,2020-10-20 17:33:00,"엔씨소프트, 깊은잠 깨고 다시 날아오를까"
13,2020-10-20 16:17:00,"조정 마무리 단계 엔씨소프트…""신작 일정 확정시 반등할 것"""
14,2020-10-19 09:03:00,"엔씨소프트, 3분기 영업이익 예상치 하회 전망-신한"
15,2020-10-14 13:38:00,"엔씨소프트, ‘트릭스터M’ 브랜드 페이지 오픈"
16,2020-10-14 12:42:00,엔씨소프트 신작 ‘트릭스터M’ 브랜드 페이지 개설
17,2020-10-14 10:40:00,"좀처럼 힘 못쓰는 엔씨소프트…""장기적 투자포인트 변함없어"""
18,2020-10-14 06:02:00,[2020년 상반기 법인세 분석]⑥게임·엔터테인먼트 팬데믹 언택트 영향...
19,2020-10-13 13:24:00,"엔씨소프트, ‘할로윈 타투 플레이’ 이벤트 진행"
20,2020-10-11 15:34:00,"엔씨소프트, 신사업 드라이브…‘아이돌·AI·금융’ 잡는다"
21,2020-10-11 10:13:00,[마켓포인트]코스피 주간 외국인 순매도 1위 '엔씨소프트'
22,2020-10-10 14:57:00,[주간HOT종목]주가 조정 받는 엔씨소프트…개인들 관심은↑
23,2020-10-08 15:14:00,"엔씨소프트 ‘리니지M’·‘리니지2M’, 한글날 이벤트 진행"
24,2020-10-08 08:28:00,"“엔씨소프트, 미뤄지는 신작 출시...목표가↓”"
25,2020-10-07 17:27:00,증권업 뛰어든 엔씨소프트…KB증권 등과 손잡고 'AI 증권사' 설립 추...
26,2020-10-07 15:00:00,"디셈버앤컴퍼니, KB증권·엔씨소프트와 'AI 투자 증권사' 합작법인 ..."
27,2020-10-07 16:05:00,"KB證, 엔씨소프트 손잡고 ‘인공지능 PB 만들기’"
28,2020-10-07 14:07:00,"KB증권·디셈버앤컴퍼니·엔씨소프트, AI 간편투자 증권사 만든다"
29,2020-10-07 10:35:00,"KB증권, 디셈버앤컴퍼니·엔씨소프트와 합작법인 출범 계약체결"
30,2020-10-07 09:55:00,"KB증권, 엔씨소프트·디셈버앤컴퍼니와 손잡고 AI 증권사 진출"
31,2020-10-07 09:33:00,"KB증권·디셈버앤컴퍼니·엔씨소프트, AI 간편투자 증권사 설립 추진"
32,2020-10-07 16:03:00,"엔씨소프트, 신작 ‘트릭스터M’ 신규 영상 공개"
33,2020-10-07 15:12:00,"엔씨소프트, 모바일 신작 ‘트릭스터M’ 티저 영상 2종 공개"
34,2020-10-07 15:29:00,"엔씨소프트, 신입 공채 온라인 채용 설명회 개최"
35,2020-10-07 14:23:00,"KB證-디셈버앤컴퍼니-엔씨소프트, AI간편투자 증권사 설립나서"
36,2020-10-07 13:54:00,엔씨소프트도 움직였다…AI로 디지털 금융업 진출
37,2020-10-07 11:17:00,"엔씨소프트, KB증권·디셈버앤컴퍼니와 손잡고 AI 증권사 만든다"
38,2020-10-07 08:56:00,"엔씨소프트, 내년 영업익 140%↑ 전망…목표가↓-삼성"
39,2020-10-06 09:33:00,"[마켓인사이트]엔씨소프트 개발진 독립해 만든 앤유, 200억원 투자유치..."
40,2020-10-06 08:43:00,"엔씨소프트, 신작 출시 지연 변수…목표주가↓-이베스트"
41,2020-10-06 08:19:00,"엔씨소프트, 숨고르기형 조정…목표가↓-이베스트"
42,2020-10-06 07:58:00,"엔씨소프트, 3Q 실적발표 변곡점 될 것…목표가↓-이베스트"
43,2020-10-06 07:56:00,"[클릭 e종목]""엔씨소프트, 건전한 숨고르기형 조정으로 판단"""
44,2020-09-28 17:25:00,"엔씨소프트, 인재영입 나서…신입 공채"
45,2020-09-28 13:31:00,"엔씨소프트, 신입사원 공채 돌입…내달 14일까지 접수"
46,2020-09-28 12:14:00,"엔씨소프트, 2020년 신입사원 공개채용 실시"
47,2020-09-28 08:31:00,"엔씨소프트, 실적 성장세 내년 초부터 부각…목표가↓-KTB"
48,2020-09-28 08:25:00,"[클릭 e종목] 주춤하는 엔씨소프트, 내년부터 달린다"
49,2020-09-28 08:22:00,"엔씨소프트, 리니지2M 국내 매출 하향…목표가↓-KTB"
50,2020-09-25 08:57:00,"[업종공략] 게임, 그린뉴딜, 엔씨소프트"
51,2020-09-23 17:32:00,"엔씨소프트, 음성합성 기술 ‘VocGAN’ 국제학회 논문 발표"
52,2020-09-23 15:05:00,"엔씨소프트, ‘음성합성 기술’ 국제학회 논문 발표"
53,2020-09-21 16:46:00,"300일 맞은 엔씨소프트의 ‘리니지2M’, 1주년 향해 달린다"
54,2020-09-13 17:56:00,"""엔씨소프트, 경쟁사 대비 저평가"""
55,2020-09-11 09:54:00,"엔씨소프트, 콘솔 음악게임 ‘퓨저’ 신규 영상 공개"
56,2020-09-11 08:51:00,"엔씨소프트, 카카오게임즈 상장 계기로 저평가 매력 부각"
57,2020-09-11 08:35:00,"엔씨소프트, 카카오게임즈·넷마블대비 상당히 저평가"
58,2020-09-10 13:58:00,[itM-특징주] 엔씨소프트 4%대 급등
59,2020-09-10 08:43:00,"""엔씨소프트, 10월 이후 신작 모멘텀 본격화"" -미래에셋대우"
60,2020-09-09 14:39:00,"엔씨소프트 ‘리니지2M’, 첫번째 ‘월드 공성전’ 13일 개시"
61,2020-09-07 09:30:00,"엔씨소프트, 실적 개선 모멘텀 ‘풍부’…“게임업종 톱픽”"
62,2020-09-07 08:49:00,"엔씨소프트, 간판 게임 '리니지' 해외영토 넓어진다-IBK"
63,2020-09-05 14:02:00,"""엔씨소프트, 이어지는 신작에 해외 모멘텀 강화"""
64,2020-09-03 09:05:00,"[Hot-Line] ""엔씨소프트, 4분기 실적 반등 전망"""
65,2020-09-01 17:15:00,"코로나19 전사 재택에 엔씨소프트, ‘프로젝트 TL’ 사내 테스트 연기"
66,2020-08-31 13:35:00,"엔씨소프트, 블로그 통해 소통 영역 확대"
67,2020-08-28 18:05:00,"엔씨소프트, ‘리니지2M’ 더 단단해진다…기란 공성전 30일 개막"
68,2020-08-28 11:16:00,‘게임주 부흥기 온다’…또 한번의 점프업 꿈꾸는 엔씨소프트
69,2020-08-28 09:50:00,"엔씨소프트, ‘주가 高高’ 기대감"
70,2020-08-27 09:49:00,[itM-특징주] 엔씨소프트 장중 5%대 급등…7월 이후 최대 상승폭
71,2020-08-24 17:26:00,엔씨소프트 '3중고'에 발목 잡히나…BBIG 중 나홀로 주가 '역주행'
72,2020-08-24 16:01:00,"""나도 BBIG인데 왜 안오르지..."" '3중 고민'에 빠진 엔씨소프..."
73,2020-08-23 08:20:00,"[주간HOT종목]엔씨소프트, 조정 들어갔나…""4분기 반등 가능성↑"""
74,2020-08-22 08:01:00,[SK증권 주간추천주]하반기 실적 개선주 주목…엔씨소프트·아이티엠반도체...
75,2020-08-21 12:25:00," 엔씨소프트, ‘피버뮤직 2020 쿨 썸머 프로젝트’ 앨범 발매"
76,2020-08-21 11:33:00,"4분기 ‘리니지2M 파워’ 믿으며…개미군단, 엔씨소프트 쓸어담다"
77,2020-08-21 09:36:00,"개미들의 선택, ""삼성전자 다음엔 엔씨소프트"""
78,2020-08-21 07:58:00,"엔씨소프트, 신작출시·리니지2M 매출 반등 기대-대신"
79,2020-08-21 07:31:00,"[클릭 e종목]""엔씨소프트, 3분기 기간조정 후 4분기 반등 기대"""
80,2020-08-20 16:26:00,"엔씨소프트, 엔터테인먼트 사업 진출한다…‘클렙’ 설립"
81,2020-08-20 00:31:00,'리니지M' 7개월 만에 1위 탈환…엔씨소프트 반등하나
82,2020-08-19 09:24:00,"[특징주]엔씨소프트, 엔터테인먼트 '클렙' 설립 소식에 '상승'"
83,2020-08-17 17:06:00,"몰랐다, 엔씨소프트가 AI 강자였다니…게임사 첫 금융 진출"
84,2020-08-15 16:54:00,"엔씨소프트, 2분기는 숨고르기…시장 관심은 4분기로"
85,2020-08-14 21:26:00,조석래 효성 명예회장 266억…김택진 엔씨소프트 사장 133억
86,2020-08-14 11:54:00,"엔씨소프트, ‘BGM팩토리’ 통해 음악 콘텐츠 서비스"
87,2020-08-14 08:55:00,"엔씨소프트, 신작 기대감 유효...목표가↑-신한금융투자"
88,2020-08-14 08:54:00,엔씨소프트. 신작 지연 우려 해소…목표가↑-신한
89,2020-08-14 08:32:00,"[Hot-Line] ""엔씨소프트, 하반기 신작 출시로 실적 반전"""
90,2020-08-14 08:21:00,"엔씨소프트, 2분기 부진에도 하반기 신작 등 성장 기대감-메리츠"
91,2020-08-14 08:21:00,"엔씨소프트, 2분기 부진에도 하반기 신작 등 성장 기대감-메리츠"
92,2020-08-14 08:10:00,"엔씨소프트, 2분기 부진했지만 하반기 개선 기대... 목표가↑"
93,2020-08-13 18:30:00,"[컨콜 종합] 엔씨소프트, 숨돌린 2분기…하반기 질주 ‘예고’"
94,2020-08-13 15:59:00,'리니지형제의 힘' 엔씨소프트 2분기 실적도 훈풍‥올해 '2조클럽' ...
95,2020-08-13 10:13:00,"[엔씨소프트 컨콜] “리니지2M, 4분기 반등 모색…공성전·1주년 업..."
96,2020-08-13 10:16:00,“‘바람의나라’ 등 경쟁작 출시 영향 미미”-엔씨소프트 컨콜
97,2020-08-13 10:15:00,"[엔씨소프트 컨콜] “프로젝트TL, 수주내 대규모 사내 테스트…내년 출..."
98,2020-08-13 10:01:00,“‘프로젝트 TL’ 사내 테스트 곧 진행…내년 출시 확신”-엔씨소프트...
99,2020-08-13 10:15:00,"[엔씨소프트 컨콜] “프로젝트TL, 수주내 대규모 사내 테스트…내년 출..."
100,2020-08-13 08:28:00,엔씨소프트 수해복구 성금 10억원 기부
101,2020-08-13 10:14:00,"[엔씨소프트 컨콜] “리니지2M, 해외는 대만 우선…내년 상반기 추가 ..."
102,2020-08-13 09:45:00,“‘리니지2M’ 해외 출시는 대만 지역만 확정”-엔씨소프트 컨콜
103,2020-08-13 10:13:00,"[엔씨소프트 컨콜] “리니지M 매출, 3Q 반등…지속 업데이트”"
104,2020-08-13 09:25:00,"“‘리니지M’, 2분기보다 3분기 매출 더 상승할 것”-엔씨소프트 컨..."
105,2020-08-13 10:12:00,[엔씨소프트 컨콜] “블소2 연내 출시 예정 그대로…2030 타깃”
106,2020-08-13 10:04:00,"‘리니지 형제’의 힘…엔씨소프트, 2분기도 호실적 이어가(종합)"
107,2020-08-13 10:03:00,"사라진 신작효과…엔씨소프트, 2분기 영업익 2090억 '선방' [종합..."
108,2020-08-13 09:44:00,리니지형제의 힘‥엔씨소프트 2분기 영업익 전년比 61%↑
109,2020-08-13 10:03:00,"사라진 신작효과…엔씨소프트, 2분기 영업익 2090억 '선방' [종합..."
110,2020-08-13 09:02:00,"엔씨소프트, 2Q 영업익 2090억…전년比 61%↑"
111,2020-08-13 08:44:00,"[속보] 엔씨소프트, 2분기 영업익 2090억···전년비 61%↑"
112,2020-08-13 08:19:00,"[속보]엔씨소프트, 2분기 영업익 2,090억···전년比 61% ↑"
113,2020-08-13 08:22:00,"엔씨소프트, 2분기 영업익 2090억원…전년比 61% 증가"
114,2020-08-13 08:12:00,"엔씨소프트, 집중호우 피해 복구 성금 10억원 기부"
115,2020-08-10 08:46:00,"13일 실적발표 엔씨소프트, 관전 포인트는?"
116,2020-08-05 14:40:00,엔씨소프트 ‘리니지2M’ 첫 공성전 16일 예고
117,2020-08-05 14:10:00,"엔씨소프트 ‘리니지2M’, 첫번째 공성전 16일 디온성에서 열린다"
118,2020-08-02 17:12:00,모바일의 힘…엔씨소프트 올 영업익 1조 도전
119,2020-08-02 15:41:00,하반기 실적 더 좋다…삼성전자·네이버·엔씨소프트 '찜'
120,2020-07-29 17:04:00,"엔씨소프트, 고용노동부 ‘2020 대한민국 일자리 으뜸기업’ 선정"
121,2020-07-28 08:28:00,"""엔씨소프트, 하반기 신작 주목""... 미래에셋대우"
122,2020-07-28 08:25:00,“엔씨소프트 주가 조정은 저가 매수 기회”
123,2020-07-28 07:56:00,"엔씨소프트, 최근 조정은 저가매수 기회-이베스트"
124,2020-07-27 17:29:00,넷마블 vs 엔씨소프트…게임 '라이벌大戰' 불붙나
125,2020-07-27 14:08:00,"엔씨소프트 ‘리니지 리마스터’, 10번째 신규 클래스 ‘창기사’ 공개"
126,2020-07-26 09:56:00,[마켓포인트]코스피 주간 개인 순매수 1위 '엔씨소프트'
127,2020-08-17 17:06:00,"몰랐다, 엔씨소프트가 AI 강자였다니…게임사 첫 금융 진출"
128,2020-08-15 16:54:00,"엔씨소프트, 2분기는 숨고르기…시장 관심은 4분기로"
129,2020-08-14 21:26:00,조석래 효성 명예회장 266억…김택진 엔씨소프트 사장 133억
130,2020-08-14 11:54:00,"엔씨소프트, ‘BGM팩토리’ 통해 음악 콘텐츠 서비스"
131,2020-08-14 08:55:00,"엔씨소프트, 신작 기대감 유효...목표가↑-신한금융투자"
132,2020-08-14 08:54:00,엔씨소프트. 신작 지연 우려 해소…목표가↑-신한
133,2020-08-14 08:32:00,"[Hot-Line] ""엔씨소프트, 하반기 신작 출시로 실적 반전"""
134,2020-08-14 08:21:00,"엔씨소프트, 2분기 부진에도 하반기 신작 등 성장 기대감-메리츠"
135,2020-08-14 08:21:00,"엔씨소프트, 2분기 부진에도 하반기 신작 등 성장 기대감-메리츠"
136,2020-08-14 08:10:00,"엔씨소프트, 2분기 부진했지만 하반기 개선 기대... 목표가↑"
137,2020-08-13 18:30:00,"[컨콜 종합] 엔씨소프트, 숨돌린 2분기…하반기 질주 ‘예고’"
138,2020-08-13 15:59:00,'리니지형제의 힘' 엔씨소프트 2분기 실적도 훈풍‥올해 '2조클럽' ...
139,2020-08-13 10:13:00,"[엔씨소프트 컨콜] “리니지2M, 4분기 반등 모색…공성전·1주년 업..."
140,2020-08-13 18:30:00,"[컨콜 종합] 엔씨소프트, 숨돌린 2분기…하반기 질주 ‘예고’"
141,2020-08-13 15:59:00,'리니지형제의 힘' 엔씨소프트 2분기 실적도 훈풍‥올해 '2조클럽' ...
142,2020-08-13 10:13:00,"[엔씨소프트 컨콜] “리니지2M, 4분기 반등 모색…공성전·1주년 업..."
143,2020-08-13 10:16:00,“‘바람의나라’ 등 경쟁작 출시 영향 미미”-엔씨소프트 컨콜
144,2020-08-13 10:15:00,"[엔씨소프트 컨콜] “프로젝트TL, 수주내 대규모 사내 테스트…내년 출..."
145,2020-08-13 10:01:00,“‘프로젝트 TL’ 사내 테스트 곧 진행…내년 출시 확신”-엔씨소프트...
146,2020-08-13 10:15:00,"[엔씨소프트 컨콜] “프로젝트TL, 수주내 대규모 사내 테스트…내년 출..."
147,2020-08-13 08:28:00,엔씨소프트 수해복구 성금 10억원 기부
148,2020-08-13 10:14:00,"[엔씨소프트 컨콜] “리니지2M, 해외는 대만 우선…내년 상반기 추가 ..."
149,2020-08-13 09:45:00,“‘리니지2M’ 해외 출시는 대만 지역만 확정”-엔씨소프트 컨콜
150,2020-08-13 10:13:00,"[엔씨소프트 컨콜] “리니지2M, 4분기 반등 모색…공성전·1주년 업..."
151,2020-08-13 09:25:00,"“‘리니지M’, 2분기보다 3분기 매출 더 상승할 것”-엔씨소프트 컨..."
152,2020-08-13 10:12:00,[엔씨소프트 컨콜] “블소2 연내 출시 예정 그대로…2030 타깃”
153,2020-08-13 10:04:00,"‘리니지 형제’의 힘…엔씨소프트, 2분기도 호실적 이어가(종합)"
154,2020-08-13 10:03:00,"사라진 신작효과…엔씨소프트, 2분기 영업익 2090억 '선방' [종합..."
155,2020-08-13 09:44:00,리니지형제의 힘‥엔씨소프트 2분기 영업익 전년比 61%↑
156,2020-08-13 10:03:00,"사라진 신작효과…엔씨소프트, 2분기 영업익 2090억 '선방' [종합..."
157,2020-08-13 09:02:00,"엔씨소프트, 2Q 영업익 2090억…전년比 61%↑"
158,2020-08-13 08:44:00,"[속보] 엔씨소프트, 2분기 영업익 2090억···전년비 61%↑"
159,2020-08-13 08:19:00,"[속보]엔씨소프트, 2분기 영업익 2,090억···전년比 61% ↑"
160,2020-08-13 08:22:00,"엔씨소프트, 2분기 영업익 2090억원…전년比 61% 증가"
161,2020-08-13 10:03:00,"엔씨소프트, 2Q 영업익 2090억…전년比 61%↑"
162,2020-08-13 09:02:00,"엔씨소프트, 2Q 영업익 2090억…전년比 61%↑"
163,2020-08-13 08:44:00,"[속보] 엔씨소프트, 2분기 영업익 2090억···전년비 61%↑"
164,2020-08-13 08:19:00,"[속보]엔씨소프트, 2분기 영업익 2,090억···전년比 61% ↑"
165,2020-08-13 10:03:00,"엔씨소프트, 2Q 영업익 2090억…전년比 61%↑"
166,2020-08-13 09:44:00,리니지형제의 힘‥엔씨소프트 2분기 영업익 전년比 61%↑
167,2020-08-13 10:01:00,“‘프로젝트 TL’ 사내 테스트 곧 진행…내년 출시 확신”-엔씨소프트 ...
168,2020-08-13 09:45:00,“‘리니지2M’ 해외 출시는 대만 지역만 확정”-엔씨소프트 컨콜
169,2020-08-13 09:25:00,"“‘리니지M’, 2분기보다 3분기 매출 더 상승할 것”-엔씨소프트 컨콜"
170,2020-08-13 08:28:00,엔씨소프트 수해복구 성금 10억원 기부
171,2020-08-13 08:22:00,"엔씨소프트, 2분기 영업익 2090억원…전년比 61% 증가"
172,2020-08-13 08:12:00,"엔씨소프트, 집중호우 피해 복구 성금 10억원 기부"
173,2020-08-10 08:46:00,"13일 실적발표 엔씨소프트, 관전 포인트는?"
174,2020-08-05 14:40:00,엔씨소프트 ‘리니지2M’ 첫 공성전 16일 예고
175,2020-08-13 08:19:00,"[속보]엔씨소프트, 2분기 영업익 2,090억···전년比 61% ↑"
176,2020-08-13 08:12:00,"엔씨소프트, 집중호우 피해 복구 성금 10억원 기부"
177,2020-08-10 08:46:00,"13일 실적발표 엔씨소프트, 관전 포인트는?"
178,2020-08-05 14:40:00,엔씨소프트 ‘리니지2M’ 첫 공성전 16일 예고
179,2020-08-05 14:10:00,"엔씨소프트 ‘리니지2M’, 첫번째 공성전 16일 디온성에서 열린다"
180,2020-08-02 17:12:00,모바일의 힘…엔씨소프트 올 영업익 1조 도전
181,2020-08-02 15:41:00,하반기 실적 더 좋다…삼성전자·네이버·엔씨소프트 '찜'
182,2020-07-29 17:04:00,"엔씨소프트, 고용노동부 ‘2020 대한민국 일자리 으뜸기업’ 선정"
183,2020-07-28 08:28:00,"""엔씨소프트, 하반기 신작 주목""... 미래에셋대우"
184,2020-07-28 08:25:00,“엔씨소프트 주가 조정은 저가 매수 기회”
185,2020-07-28 07:56:00,"엔씨소프트, 최근 조정은 저가매수 기회-이베스트"
186,2020-07-28 07:56:00,"엔씨소프트, 최근 조정은 저가매수 기회-이베스트"
187,2020-07-27 17:29:00,넷마블 vs 엔씨소프트…게임 '라이벌大戰' 불붙나
188,2020-07-27 14:08:00,"엔씨소프트 ‘리니지 리마스터’, 10번째 신규 클래스 ‘창기사’ 공개"
189,2020-07-26 09:56:00,[마켓포인트]코스피 주간 개인 순매수 1위 '엔씨소프트'
190,2020-07-26 09:55:00,[마켓포인트]코스피 주간 외국인 순매도 1위 '엔씨소프트'
191,2020-07-25 08:02:00,[회장님과 스포츠-4] 김택진 엔씨소프트 대표와 야구
192,2020-07-23 17:31:00,‘바람의나라’ 귀환에 엔씨소프트 주가 흔들…꼭지 지났나
193,2020-07-22 13:13:00,"엔씨소프트 ‘리니지M’, 첫 번째 마스터 서버 ‘기르타스 레이드’ 업데..."
194,2020-07-20 10:35:00,"엔씨소프트, ‘피버뮤직 2020 쿨 썸머 프로젝트’ 음원 공개"
195,2020-07-20 09:22:00,[특징주] 조정 이어지는 언택트3사 NAVER·카카오·엔씨소프트
196,2020-07-17 18:04:00,"엔씨소프트, 내달 13일 올 2분기 실적발표"
197,2020-07-16 15:39:00,"엔씨소프트, 함저협과 OST 음악저작권 신탁계약 체결"
198,2020-07-16 11:32:00,"엔씨소프트, 커뮤니티 활발... 주가 -4.53%."
199,2020-07-14 08:41:00,"엔씨소프트, 코로나19後 게임시장 성장 기대..목표가↑-KTB"
200,2020-07-14 08:37:00,"엔씨소프트, 3분기 '리니지2M' 업데이트 기대…목표가↑-IBK"
201,2020-07-13 14:50:00,"엔씨소프트 무한질주…내친김에 100만원 ""가즈아?"""
202,2020-07-13 11:20:00,엔씨소프트 목표가 일제히 상향 조정
203,2020-07-13 09:10:00,엔씨소프트 목표주가 줄줄이 상향 조정
204,2020-07-13 09:03:00,"대신증권 ""엔씨소프트, 주가 120만원까지 간다"""
205,2020-07-13 08:32:00,"엔씨소프트, 하반기 '리니지M·2M' 업데이트 기대…목표가↑-DB"
206,2020-07-13 07:36:00,"엔씨소프트, '리니지2M' 해외출시 기대…목표가 120만원-대신증권"
207,2020-07-12 15:27:00,셀트리온·삼성SDI·LG화학·엔씨소프트…'BBIG7' 연일 뜀박질
208,2020-07-10 09:09:00,"[집중분석 이슈타임] 비대면 '빅3' 네이버·카카오·엔씨소프트, 어디까..."
209,2020-07-09 07:20:00,"국민연금, 엔씨소프트 판 돈으로 네이버 샀다"
210,2020-07-08 16:20:00,"엔씨소프트, 리니지M 타이탄 업데이트"
211,2020-07-13 07:36:00,"엔씨소프트, '리니지2M' 해외출시 기대…목표가 120만원-대신증권"
212,2020-07-12 15:27:00,셀트리온·삼성SDI·LG화학·엔씨소프트…'BBIG7' 연일 뜀박질
213,2020-07-10 09:09:00,"[집중분석 이슈타임] 비대면 '빅3' 네이버·카카오·엔씨소프트, 어디까..."
214,2020-07-09 07:20:00,"국민연금, 엔씨소프트 판 돈으로 네이버 샀다"
215,2020-07-08 16:20:00,"엔씨소프트, 리니지M 타이탄 업데이트"
216,2020-07-07 08:41:00,"엔씨소프트, 언택트 수혜에 한한령 해제 기대…목표가↑-한국"
217,2020-07-07 08:01:00,"엔씨소프트, 노 저어야 할 때..목표가 110만원-한국"
218,2020-07-07 07:58:00,"엔씨소프트, 2·4분기 실적 크게 성장 예상-한투"
219,2020-07-07 07:45:00,"[클릭 e종목]""엔씨소프트, 목표주가 110만원… 2분기 실적 기대감..."
220,2020-07-06 16:39:00,"엔씨소프트, 코스피 시총 10위…100만원 고지 ‘목전’"
221,2020-07-06 13:15:00,"[fnRASSI]엔씨소프트(036570), 52주 신고가...4.98%..."
222,2020-07-06 09:29:00,"[fnRASSI]엔씨소프트(036570), 52주 신고가...2.22..."
223,2020-07-06 11:18:00,"'엔씨소프트' 5% 이상 상승, 단기·중기 이평선 정배열로 상승세"
224,2020-07-06 09:31:00,"[특징주]엔씨소프트, 52주 신고가…시총서 LG생활건강 앞질러"
225,2020-07-06 13:15:00,"[fnRASSI]엔씨소프트(036570), 52주 신고가...4.98%..."
226,2020-07-06 09:29:00,"[fnRASSI]엔씨소프트(036570), 52주 신고가...2.22..."
227,2020-07-06 11:18:00,"'엔씨소프트' 5% 이상 상승, 단기·중기 이평선 정배열로 상승세"
228,2020-07-06 09:31:00,"[특징주]엔씨소프트, 52주 신고가…시총서 LG생활건강 앞질러"
229,2020-07-06 08:53:00,"""엔씨소프트, ""긍정적 요인 풍부-NH투자증권"
230,2020-07-06 08:09:00,"[클릭 e종목]""엔씨소프트, 추가 상승 모멘텀 풍부…2분기 실적은 컨..."
231,2020-07-02 18:21:00,엔씨소프트 '린저씨' 넘어 전세대 공략
232,2020-07-02 15:05:00,"엔씨소프트, PC게임 기반 모바일게임 3종 공개"
233,2020-07-02 11:28:00,"엔씨소프트, '린저씨' 잇는 추억의 게임 유저 부활 시킨다"
234,2020-07-02 15:18:00,"[fnRASSI]엔씨소프트, 52주 신고가...7.5% ↑"
235,2020-07-02 15:08:00,"'엔씨소프트' 52주 신고가 경신, 멀티플 확장 구간인 대장주 - 한화..."
236,2020-07-02 13:56:00,"'엔씨소프트' 5% 이상 상승, 멀티플 확장 구간인 대장주 - 한화투..."
237,2020-07-01 15:08:00,"엔씨소프트 美공략 시동..퓨저, 사전예약 시작"
238,2020-07-01 13:17:00,"엔씨소프트, 콘솔·PC 신작 ‘퓨저’ 사전예약 개시"
239,2020-07-01 10:43:00,"엔씨소프트, 콘솔 도전 ‘퓨저’ 사전예약 ‘돌입’"
240,2020-07-01 14:54:00,"엔씨소프트 '블레이드 & 소울', ‘B&S 피규어’ 출시"
241,2020-06-30 16:08:00,엔씨소프트 '언택트 훈풍'...목표가 120만원까지 치솟아
242,2020-07-02 13:56:00,"'엔씨소프트' 5% 이상 상승, 멀티플 확장 구간인 대장주 - 한화투자..."
243,2020-07-02 11:28:00,"엔씨소프트, '린저씨' 잇는 추억의 게임 유저 부활 시킨다"
244,2020-07-01 15:08:00,"엔씨소프트 美공략 시동..퓨저, 사전예약 시작"
245,2020-07-01 13:17:00,"엔씨소프트, 콘솔·PC 신작 ‘퓨저’ 사전예약 개시"
246,2020-07-01 10:43:00,"엔씨소프트, 콘솔 도전 ‘퓨저’ 사전예약 ‘돌입’"
247,2020-07-01 14:54:00,"엔씨소프트 '블레이드 & 소울', ‘B&S 피규어’ 출시"
248,2020-06-30 16:08:00,엔씨소프트 '언택트 훈풍'...목표가 120만원까지 치솟아
249,2020-06-30 09:54:00,호평받는 엔씨소프트…증권가 “목표가 100만원 이상”
250,2020-06-30 09:03:00,"엔씨소프트, 대규모 업데이트 효과 기대..목표가↑-하이투자증권"
251,2020-06-30 08:53:00,"한화투자증권 ""엔씨소프트, 120만원까지 오른다"""
252,2020-06-30 08:21:00,"""엔씨소프트, 3분기 영업익 115% 증가 예상"" 한화투자증권"
253,2020-06-29 13:00:00,'리니지M 형제' 쌍끌이 힘…매출 2.7조 노리는 엔씨소프트
254,2020-06-29 08:39:00,"엔씨소프트, 올해 실적 전망 ‘맑음’-목표가↑-SK"
255,2020-06-29 08:23:00,"엔씨소프트, 추가 성장 여력 충분..목표가↑-SK증권"
256,2020-06-26 08:23:00,"엔씨소프트, 업뎃·해외 출시로 주가 더 오른다…목표가↑-삼성증권"
257,2020-06-26 08:18:00,"엔씨소프트, 탑티어 게임업체로 신작 모멘텀 강화…목표가↑-삼성"
258,2020-06-25 09:30:00,"엔씨소프트, 이시간 주가 -1.27%.... 최근 5일 기관 2만 43..."
259,2020-06-30 08:21:00,"""엔씨소프트, 3분기 영업익 115% 증가 예상"" 한화투자증권"
260,2020-06-29 13:00:00,'리니지M 형제' 쌍끌이 힘…매출 2.7조 노리는 엔씨소프트
261,2020-06-29 08:39:00,"엔씨소프트, 올해 실적 전망 ‘맑음’-목표가↑-SK"
262,2020-06-29 08:23:00,"엔씨소프트, 추가 성장 여력 충분..목표가↑-SK증권"
263,2020-06-26 08:23:00,"엔씨소프트, 업뎃·해외 출시로 주가 더 오른다…목표가↑-삼성증권"
264,2020-06-26 08:18:00,"엔씨소프트, 탑티어 게임업체로 신작 모멘텀 강화…목표가↑-삼성"
265,2020-06-25 09:30:00,"엔씨소프트, 이시간 주가 -1.27%.... 최근 5일 기관 2만 43..."
266,2020-06-24 16:52:00,"엔씨소프트 ‘리니지2M’, ‘크로니클III 풍요의 시대’ 업데이트 실시"
267,2020-06-24 14:39:00,"엔씨소프트, 시총 20조원 돌파…얼마나 더 오를까"
268,2020-06-24 11:18:00,이달 6번째 신고가…'황제주' 진입 앞둔 엔씨소프트
269,2020-06-24 10:32:00,"[마켓인사이트]""투자 부담 늘어도 문제 없어""…엔씨소프트에 쏟아지는 국..."
270,2020-06-24 09:30:00,"엔씨소프트, 최근 5일 기관 2만 4311주 순매도... 주가 92만 ..."
271,2020-06-24 10:32:00,"[마켓인사이트]""투자 부담 늘어도 문제 없어""…엔씨소프트에 쏟아지는 국..."
272,2020-06-24 09:30:00,"엔씨소프트, 최근 5일 기관 2만 4311주 순매도... 주가 92만 ..."
273,2020-06-23 18:20:00,"엔씨소프트, 시총 20조 돌파…국내 상장 게임사 최초"
274,2020-06-23 16:44:00,"'택진이형 회사' 엔씨소프트, 게임株 최초 시총 20조원 돌파"
275,2020-06-23 15:47:00,택진이형 밤샘 보람있네…엔씨소프트 시총 20조원 넘었다
276,2020-06-23 15:25:00,"[fnRASSI]엔씨소프트, 52주 신고가...3.94% ↑"
277,2020-06-23 10:23:00,"[fnRASSI]엔씨소프트(036570), 52주 신고가 경신...4..."
278,2020-06-23 14:12:00,"두달새 43% 오른 엔씨소프트, 100만원 '황제주' 등극 눈앞"
279,2020-06-23 07:13:00,"아직도 싸다… 엔씨소프트, 증권가에선 '115만원' 본다"
280,2020-06-23 11:16:00,100만원 넘보는 엔씨소프트 김택진 지분가치 9119억 ↑
281,2020-06-23 10:05:00,100만원 넘보는 엔씨소프트…김택진 지분가치 9119억원 늘었다
282,2020-06-23 10:18:00,[특징주]다시 가는 언택트...네이버·카카오·엔씨소프트 최고가 경신
283,2020-06-23 09:51:00,"엔씨소프트·네이버·카카오, 신고가...언택트株 강세"
284,2020-06-23 09:38:00,"게임주, 장초반 ‘호조’…베스파·네오위즈·엔씨소프트 ‘강세’"
285,2020-06-23 09:20:00,"'엔씨소프트' 5% 이상 상승, 단기·중기 이평선 정배열로 상승세"
286,2020-06-23 10:05:00,100만원 넘보는 엔씨소프트…김택진 지분가치 9119억원 늘었다
287,2020-06-23 09:51:00,"엔씨소프트·네이버·카카오, 신고가...언택트株 강세"
288,2020-06-23 09:38:00,"게임주, 장초반 ‘호조’…베스파·네오위즈·엔씨소프트 ‘강세’"
289,2020-06-23 09:20:00,"'엔씨소프트' 5% 이상 상승, 단기·중기 이평선 정배열로 상승세"
290,2020-06-23 09:17:00,"[특징주] 엔씨소프트, 실적 개선 기대감에 이틀째 사상 최고가"
291,2020-06-23 09:06:00,"'엔씨소프트' 52주 신고가 경신, 전일 외국인 대량 순매수"
292,2020-06-23 08:46:00,"엔씨소프트, 실적도 신작모멘텀도 탁월..목표가↑-이베스트"
293,2020-06-23 08:22:00,"“엔씨소프트, 올해 영업이익 114% 급증 전망... 목표가 110만..."
294,2020-06-23 08:06:00,"엔씨소프트, 실적과 신작모멘텀 모두 탁월…목표가↑-이베스트"
295,2020-06-23 08:20:00,"[22일 주요 크레딧 공시]엔씨소프트, ‘AA’로 한 단계 상향 外"
296,2020-06-23 07:13:00,"아직도 싸다… 엔씨소프트, 증권가에선 '115만원' 본다"
297,2020-06-22 17:45:00,"나신평, 엔씨소프트 신용등급 AA로 상향조정"
298,2020-06-23 07:13:00,"아직도 싸다… 엔씨소프트, 증권가에선 '115만원' 본다"
299,2020-06-22 17:45:00,"나신평, 엔씨소프트 신용등급 AA로 상향조정"
300,2020-06-22 16:40:00,"엔씨소프트, 기사 쓰고 영상 편집하는 AI 개발 [Evolution]"
301,2020-06-22 13:44:00,"[fnRASSI]엔씨소프트(036570), 52주 신고가 경신...3...."
302,2020-06-22 12:36:00,"'엔씨소프트' 52주 신고가 경신, 보여줄게 아직도 많다 - 신한금융투..."
303,2020-06-22 12:11:00,"엔씨소프트, 3분기도 ‘탄탄대로’…리니지M·2M 업데이트 ‘임박’"
304,2020-06-22 11:52:00,"아직도 싸다… 엔씨소프트, 증권가에선 '115만원' 본다"
305,2020-06-22 08:31:00,"[Hot-Line] ""엔씨소프트, 내년 신작 출시로 실적 성장 기대""..."
306,2020-06-22 08:20:00,"엔씨소프트, 신작·해외 출시 기대감 주목…목표가↑-신한"
307,2020-06-22 08:14:00,"""엔씨소프트, 3분기 대규모 업데이트로 기대감 커져""-신한금융투자"
308,2020-06-22 07:47:00,"엔씨소프트, 하반기에도 '리니지' 실적 모멘텀 유효…목표가↑ -유안타"
309,2020-06-22 07:34:00,"엔씨소프트, 24일 대규모 업데이트…""아직도 싸다""-유안타證"
310,2020-06-21 15:10:00,"[주간HOT종목]엔씨소프트,100만원 가려나…모멘텀에 신고가 경신"
311,2020-06-19 11:19:00,‘공성전·수출·신작’ 후광…엔씨소프트 ‘100만원 벽’ 깰까
312,2020-06-19 10:15:00,'공성전'·수출·신작…코로나 날개 단 엔씨소프트 주가 더 간다
313,2020-06-19 08:06:00,"엔씨소프트, 업데이트·신작 출시 기대감-대신증권"
314,2020-06-19 07:53:00,"엔씨소프트, 리니지2M 해외출시·업데이트 기대…목표가↑-대신"
315,2020-06-19 07:49:00,"엔씨소프트, 모멘텀 지속 전망-대신"
316,2020-06-19 07:44:00,"[클릭 e종목]""엔씨소프트, 목표주가 100만원…내년까지 모멘텀 풍부..."
317,2020-06-22 07:47:00,"엔씨소프트, 하반기에도 '리니지' 실적 모멘텀 유효…목표가↑ -유안타"
318,2020-06-22 07:34:00,"엔씨소프트, 24일 대규모 업데이트…""아직도 싸다""-유안타證"
319,2020-06-21 15:10:00,"[주간HOT종목]엔씨소프트,100만원 가려나…모멘텀에 신고가 경신"
320,2020-06-19 11:19:00,‘공성전·수출·신작’ 후광…엔씨소프트 ‘100만원 벽’ 깰까
321,2020-06-19 10:15:00,'공성전'·수출·신작…코로나 날개 단 엔씨소프트 주가 더 간다
322,2020-06-19 08:06:00,"엔씨소프트, 업데이트·신작 출시 기대감-대신증권"
323,2020-06-19 07:53:00,"엔씨소프트, 리니지2M 해외출시·업데이트 기대…목표가↑-대신"
324,2020-06-19 07:49:00,"엔씨소프트, 모멘텀 지속 전망-대신"
325,2020-06-19 07:44:00,"[클릭 e종목]""엔씨소프트, 목표주가 100만원…내년까지 모멘텀 풍부..."
326,2020-06-18 18:37:00,"18일, 외국인 거래소에서 엔씨소프트(-3.93%), NAVER(-1...."
327,2020-06-17 09:07:00,"'엔씨소프트' 52주 신고가 경신, 전일 외국인 대량 순매수"
328,2020-06-16 16:13:00,"엔씨소프트, 52주 신고가…90만원 목전"
329,2020-06-16 14:25:00,"[fnRASSI]엔씨소프트, 52주 신고가...7.53% ↑"
330,2020-06-16 10:35:00,"'엔씨소프트' 52주 신고가 경신, 지속되는 모멘텀. 우상향 추세는 지..."
331,2020-06-15 17:53:00,엔씨소프트 장중 또 신고가…황제주까지 가나
332,2020-06-15 15:49:00,신고가 경신하고 숨 고르기 '엔씨소프트' 그래도 목표는 'UP'
333,2020-06-15 14:13:00,"[특징주] 엔씨소프트, 약세장서 ‘신고가’ 경신"
334,2020-06-15 13:47:00,"엔씨소프트, 85만원 돌파..신고가 경신"
335,2020-06-17 09:07:00,"'엔씨소프트' 52주 신고가 경신, 전일 외국인 대량 순매수"
336,2020-06-16 16:13:00,"엔씨소프트, 52주 신고가…90만원 목전"
337,2020-06-16 14:25:00,"[fnRASSI]엔씨소프트, 52주 신고가...7.53% ↑"
338,2020-06-16 10:35:00,"'엔씨소프트' 52주 신고가 경신, 지속되는 모멘텀. 우상향 추세는 지..."
339,2020-06-15 17:53:00,엔씨소프트 장중 또 신고가…황제주까지 가나
340,2020-06-15 15:49:00,신고가 경신하고 숨 고르기 '엔씨소프트' 그래도 목표는 'UP'
341,2020-06-15 14:13:00,"[특징주] 엔씨소프트, 약세장서 ‘신고가’ 경신"
342,2020-06-15 13:47:00,"엔씨소프트, 85만원 돌파..신고가 경신"
343,2020-06-15 10:06:00,"[fnRASSI]엔씨소프트(036570), 52주 신고가...2.18%..."
344,2020-06-15 09:25:00,"'엔씨소프트' 52주 신고가 경신, 기관 3일 연속 순매수(2.3만주)"
345,2020-06-12 08:47:00,"""엔씨소프트, 2Q 영업익 113%↑…목표가 100만원 코 앞"""
346,2020-06-12 07:47:00,"엔씨소프트, 주가 우상향 추세 지속-현대차"
347,2020-06-12 07:42:00,"엔씨소프트, 주가 우상향 추세 지속…목표가 99만원-현대차증권"
348,2020-06-12 08:05:00,"[11일 주요 크레딧 공시]엔씨소프트, `AA`로 한 단계 상향 外"
349,2020-06-12 08:47:00,"""엔씨소프트, 2Q 영업익 113%↑…목표가 100만원 코 앞"""
350,2020-06-12 07:47:00,"엔씨소프트, 주가 우상향 추세 지속-현대차"
351,2020-06-12 07:42:00,"엔씨소프트, 주가 우상향 추세 지속…목표가 99만원-현대차증권"
352,2020-06-12 08:05:00,"[11일 주요 크레딧 공시]엔씨소프트, `AA`로 한 단계 상향 外"
353,2020-06-11 17:28:00,"[마켓인]엔씨소프트, ‘AA’로 한 단계 상향"
354,2020-06-11 15:43:00,"[마켓인사이트]1조원대 '현금 부자' 엔씨소프트, 모바일 게임 잇딴 ..."
355,2020-06-10 09:34:00,"[fnRASSI]엔씨소프트, 52주 신고가...4.38% ↑"
356,2020-06-10 09:25:00,"'엔씨소프트' 52주 신고가 경신, 외국인, 기관 각각 4일 연속 순매..."
357,2020-06-02 08:43:00,"""엔씨소프트, 2분기 실적 예상 웃돌아""-미래에셋대우"
358,2020-06-02 08:38:00,"엔씨소프트, 신작 모멘텀 집중…목표가↑-미래"
359,2020-05-28 09:27:00,"엔씨소프트, 호실적 올해 말까지 이어질 것-이베스트"
360,2020-05-28 08:38:00,“엔씨소프트 올 4분기까지 호실적 계속될 것”
361,2020-05-28 07:25:00,"[클릭 e종목] ""엔씨소프트, 올해 분기별 실적 증가 기대"""
362,2020-05-27 17:41:00,엔씨소프트'스푼즈' 뉴이스트와 웹예능 선봬
363,2020-05-27 14:22:00,엔씨소프트 '스푼즈 X 뉴이스트’ 신규 콜라보 웹예능 공개
364,2020-05-25 13:51:00,"[특징주] 언택트 대표주 NAVER·카카오·엔씨소프트, 동반 신고가"
365,2020-05-25 13:35:00,"'엔씨소프트' 5% 이상 상승, 최근 3일간 외국인 대량 순매수"
366,2020-05-25 10:02:00,"'엔씨소프트' 52주 신고가 경신, 최근 3일간 외국인 대량 순매수"
367,2020-05-28 09:27:00,"엔씨소프트, 호실적 올해 말까지 이어질 것-이베스트"
368,2020-05-28 08:38:00,“엔씨소프트 올 4분기까지 호실적 계속될 것”
369,2020-05-28 07:25:00,"[클릭 e종목] ""엔씨소프트, 올해 분기별 실적 증가 기대"""
370,2020-05-27 17:41:00,엔씨소프트'스푼즈' 뉴이스트와 웹예능 선봬
371,2020-05-27 14:22:00,엔씨소프트 '스푼즈 X 뉴이스트’ 신규 콜라보 웹예능 공개
372,2020-05-25 13:51:00,"[특징주] 언택트 대표주 NAVER·카카오·엔씨소프트, 동반 신고가"
373,2020-05-25 13:35:00,"'엔씨소프트' 5% 이상 상승, 최근 3일간 외국인 대량 순매수"
374,2020-05-25 10:02:00,"'엔씨소프트' 52주 신고가 경신, 최근 3일간 외국인 대량 순매수"
375,2020-05-25 10:37:00,"[특징주]엔씨소프트, 장중 81만3,000원···상장 후 최고가"
376,2020-05-25 10:15:00,"엔씨소프트, 80만원 ‘터치’…상승세 어디까지"
377,2020-05-25 09:15:00,"[fnRASSI]엔씨소프트, 52주 신고가...0.63% ↑"
378,2020-05-24 14:45:00,[이번주 추천주] '깜짝 실적' 엔씨소프트·셀트리온헬스케어 눈길
379,2020-05-23 12:33:00,[유안타證 주간추천주]더블유게임즈·엔씨소프트·LG화학
380,2020-05-22 14:17:00,"김택진 엔씨소프트 대표, ‘플라워 버킷 챌린지’ 동참"
381,2020-05-25 09:15:00,"[fnRASSI]엔씨소프트, 52주 신고가...0.63% ↑"
382,2020-05-24 14:45:00,[이번주 추천주] '깜짝 실적' 엔씨소프트·셀트리온헬스케어 눈길
383,2020-05-23 12:33:00,[유안타證 주간추천주]더블유게임즈·엔씨소프트·LG화학
384,2020-05-22 14:17:00,"김택진 엔씨소프트 대표, ‘플라워 버킷 챌린지’ 동참"
385,2020-05-22 09:12:00,"'엔씨소프트' 52주 신고가 경신, 전일 외국인 대량 순매수"
386,2020-05-21 17:43:00,"엔씨소프트, SKT 시총 추월…카카오는 현대차 바짝 추격"
387,2020-05-21 13:31:00,"[fnRASSI]엔씨소프트, 52주 신고가...5.2% ↑"
388,2020-05-21 10:07:00,"[fnRASSI]엔씨소프트(036570), 52주 신고가...2.8%..."
389,2020-05-21 11:01:00,"'엔씨소프트' 5% 이상 상승, 단기·중기 이평선 정배열로 상승세"
390,2020-05-21 09:29:00,"'엔씨소프트' 52주 신고가 경신, 5월과 6월은 좋은 진입 타이밍 -..."
391,2020-05-20 10:34:00,"엔씨소프트, AI 인재 육성 프로그램 ‘NC Fellowship’ 진행"
392,2020-05-20 09:58:00,"엔씨소프트, AI 인재 육성 프로그램 ‘NC 펠로우십’ 진행"
393,2020-05-20 10:34:00,"엔씨소프트, AI 인재 육성 프로그램 ‘NC Fellowship’ 진행"
394,2020-05-20 09:58:00,"엔씨소프트, AI 인재 육성 프로그램 ‘NC 펠로우십’ 진행"
395,2020-05-20 09:58:00,"엔씨소프트, AI 인재 육성 프로그램 ‘NC 펠로우십’ 진행"
396,2020-05-20 08:53:00,"엔씨소프트, 신작 모멘텀 내년까지···5~6월이 매수 적기"
397,2020-05-20 08:34:00,[클릭 e종목] 2분기도 기대치 뛰어넘을 엔씨소프트
398,2020-05-20 08:18:00,"엔씨소프트, 지금이 진입 타이밍…신작 모멘텀 기대-미래"
399,2020-05-20 08:00:00,"엔씨소프트, 5·6월 진입하기 좋은 시점 -미래에셋대우"
400,2020-05-17 15:36:00,지어소프트·엔씨소프트·네이버…집콕족 '구독형 소비株' 담아라
401,2020-05-17 11:39:00,"[주간추천주]엔씨소프트, 신작 출시 기대…코스맥스, 손세정제 수혜주로"
402,2020-05-17 08:30:00,"외국인, 2주 연속 '팔자' 지속…엔씨소프트·카카오 순매수"
403,2020-05-16 09:31:00,"[다시 보는 리포트]엔씨소프트, 포스트 코로나 시대 ‘킹씨소프트’로"
404,2020-05-15 16:10:00,"엔씨소프트, 韓 모바일게임 시장 평정하고 글로벌 공략 ‘시동’"
405,2020-05-14 17:20:00,억대 저작권 소송 휘말린 엔씨소프트 '리니지 BGM'
406,2020-05-14 12:04:00,"게임株, 모두가 '언택트' 수혜 아냐…엔씨소프트만 '활짝'"
407,2020-05-14 09:20:00,"""계속 간다"" 엔씨소프트, 깜짝 실적과 신작 기대감에 신고가 랠리"
408,2020-05-16 09:31:00,"[다시 보는 리포트]엔씨소프트, 포스트 코로나 시대 ‘킹씨소프트’로"
409,2020-05-15 16:10:00,"엔씨소프트, 韓 모바일게임 시장 평정하고 글로벌 공략 ‘시동’"
410,2020-05-14 17:20:00,억대 저작권 소송 휘말린 엔씨소프트 '리니지 BGM'
411,2020-05-14 12:04:00,"게임株, 모두가 '언택트' 수혜 아냐…엔씨소프트만 '활짝'"
412,2020-05-14 09:20:00,"""계속 간다"" 엔씨소프트, 깜짝 실적과 신작 기대감에 신고가 랠리"
413,2020-05-14 11:04:00,"'엔씨소프트' 5% 이상 상승, 동생들이 나설 차례 - 흥국증권, BU..."
414,2020-05-14 11:02:00,"'엔씨소프트' 52주 신고가 경신, 동생들이 나설 차례 - 흥국증권,..."
415,2020-05-14 09:37:00,"[특징주] 엔씨소프트, 1분기 호실적에 사흘째 신고가"
416,2020-05-14 09:17:00,"[fnRASSI]엔씨소프트, 52주 신고가...4.44% ↑"
417,2020-05-13 14:17:00,"""택진이 형, 하반기도 가즈아""…증권가, 엔씨소프트 목표가 줄상향"
418,2020-05-13 07:39:00,"엔씨소프트, 신작 출시 기대감에 목표가↑-한국"
419,2020-05-13 05:30:00,"엔씨소프트 주가 74만7000원…""신기록 또 깬다"""
420,2020-05-13 09:05:00,"'엔씨소프트' 52주 신고가 경신, 전일 외국인 대량 순매수"
421,2020-05-13 08:47:00,"엔씨소프트, 신작 출시 기대감..목표가↑-KTB투자증권"
422,2020-05-13 09:05:00,"'엔씨소프트' 52주 신고가 경신, 전일 외국인 대량 순매수"
423,2020-05-13 08:47:00,"엔씨소프트, 신작 출시 기대감..목표가↑-KTB투자증권"
424,2020-05-13 08:23:00,"엔씨소프트, 1Q 사상 최대 매출…목표가↑-신한"
425,2020-05-13 08:13:00,"[Hot-Line] ""엔씨소프트, 올해에 이어 내년 기대감도 충분…목..."
426,2020-05-13 08:01:00,"엔씨소프트, 신작출시 기대감…시의적절한 발표-하나금융투자"
427,2020-05-13 07:57:00,"엔씨소프트, 리니지2M 예상넘는 실적…목표가↑-KB"
428,2020-05-13 07:24:00,"[클릭 e종목]""엔씨소프트, 리니지2M 매출 기대치 상회…목표가도 상..."
429,2020-05-13 07:39:00,"엔씨소프트, 신작 출시 기대감에 목표가↑-한국"
430,2020-05-13 05:30:00,"엔씨소프트 주가 74만7000원…""신기록 또 깬다"""
431,2020-05-13 07:30:00,"[클릭 e종목] ""엔씨소프트, 2분기가 더 좋다"""
432,2020-05-12 18:48:00,"'린저씨' 덕에 신고가 찍은 엔씨소프트, 주가 더 오를까"
433,2020-05-12 16:30:00,"74만7000원 찍은 엔씨소프트, 증권가는 93만원까지 봤다"
434,2020-05-12 14:15:00,"[종합] 리니지2M 성과 보여준 엔씨소프트, 매출 2조 돌파 ‘정조준..."
435,2020-05-12 08:16:00,"'리니지2M 파워' 엔씨소프트, 역대 최고 분기매출 달성"
436,2020-05-12 18:37:00,"12일, 외국인 거래소에서 엔씨소프트(+6.87%), 카카오(+3.37..."
437,2020-05-12 17:32:00,엔씨소프트 1분기 매출 7311억 '최고'
438,2020-05-12 18:48:00,"'린저씨' 덕에 신고가 찍은 엔씨소프트, 주가 더 오를까"
439,2020-05-12 16:30:00,"74만7000원 찍은 엔씨소프트, 증권가는 93만원까지 봤다"
440,2020-05-12 14:15:00,"[종합] 리니지2M 성과 보여준 엔씨소프트, 매출 2조 돌파 ‘정조준..."
441,2020-05-12 08:16:00,"'리니지2M 파워' 엔씨소프트, 역대 최고 분기매출 달성"
442,2020-05-12 18:37:00,"12일, 외국인 거래소에서 엔씨소프트(+6.87%), 카카오(+3.37..."
443,2020-05-12 17:32:00,엔씨소프트 1분기 매출 7311억 '최고'
444,2020-05-12 15:15:00,"엔씨소프트, 74만 넘었다..역대 최고가"
445,2020-05-12 11:27:00,게임주 IP 신작 출시 효과 ‘톡톡’ 넥슨계열사·엔씨소프트株 ‘쑥쑥’
446,2020-05-12 09:40:00,"게임주 IP 신작 효과, 넥슨 계열사·엔씨소프트 주가 高高"
447,2020-05-12 11:21:00,"'엔씨소프트' 5% 이상 상승, 단기·중기 이평선 정배열로 상승세"
448,2020-05-12 11:12:00,"'엔씨소프트' 52주 신고가 경신, 단기·중기 이평선 정배열로 상승세"
449,2020-05-12 11:15:00,"[fnRASSI]엔씨소프트, 52주 신고가...4.29% ↑"
450,2020-05-12 10:08:00,"“리니지2M, 하반기 해외 진출 목표…아시아 시장 타깃”-엔씨소프트 컨..."
451,2020-05-12 10:07:00,“판교 주차장 부지 관련 결정된 사항 아직 없다”-엔씨소프트 컨콜
452,2020-05-12 10:04:00,"[엔씨소프트 컨콜] “프로젝트TL, 내년 출시 확률 높다”"
453,2020-05-12 09:53:00,"“리니지 기반 프로젝트TL, 내년 출시 전망”-엔씨소프트 컨콜"
454,2020-05-12 10:08:00,"“리니지2M, 하반기 해외 진출 목표…아시아 시장 타깃”-엔씨소프트 컨..."
455,2020-05-12 10:07:00,“판교 주차장 부지 관련 결정된 사항 아직 없다”-엔씨소프트 컨콜
456,2020-05-12 10:04:00,"[엔씨소프트 컨콜] “프로젝트TL, 내년 출시 확률 높다”"
457,2020-05-12 09:53:00,"“리니지 기반 프로젝트TL, 내년 출시 전망”-엔씨소프트 컨콜"
458,2020-05-12 10:03:00,"[특징주]엔씨소프트 등 게임사, 1분기 호실적 발표에 강세"
459,2020-05-12 09:40:00,"게임주 IP 신작 효과, 넥슨 계열사·엔씨소프트 주가 高高"
460,2020-05-12 09:40:00,"게임주 IP 신작 효과, 넥슨 계열사·엔씨소프트 주가 高高"
461,2020-05-12 09:31:00,"'역시 택진이형' 엔씨소프트, 닷새째 상승…1분기 최대 실적"
462,2020-05-12 08:13:00,"엔씨소프트, 1분기 영업이익 2414억원…전년比 204% 증가"
463,2020-05-12 09:26:00,"[엔씨소프트 컨콜] “블레이드&소울2, 연내 국내 출시 목표”"
464,2020-05-12 09:26:00,"[엔씨소프트 컨콜] “블레이드&소울2, 연내 국내 출시 목표”"
465,2020-05-12 09:14:00,"[엔씨소프트 컨콜] “리니지2M, 연말까지 안정적 매출 곡선 ‘기대’”"
466,2020-05-12 09:10:00,1분기 영업익 200% 늘었는데 엔씨소프트 주가는…
467,2020-05-12 09:14:00,"[엔씨소프트 컨콜] “리니지2M, 연말까지 안정적 매출 곡선 ‘기대’”"
468,2020-05-12 09:10:00,1분기 영업익 200% 늘었는데 엔씨소프트 주가는…
469,2020-05-12 08:58:00,"엔씨소프트, 매출 7311억…역대 최대 분기 실적"
470,2020-05-12 08:32:00,"엔씨소프트, 1분기 영업익 2414억..전년비 203.62% 증가"
471,2020-05-12 08:24:00,"엔씨소프트, 1분기 영업익 2414억…전년비 203.6%↑"
472,2020-05-12 08:24:00,"엔씨소프트, 1분기 영업익 2414억…전년비 203.6%↑"
473,2020-05-12 08:16:00,"'리니지2M 파워' 엔씨소프트, 역대 최고 분기매출 달성"
474,2020-05-12 08:13:00,"엔씨소프트, 1분기 영업이익 2414억원…전년比 204% 증가"
475,2020-05-12 08:09:00,"[속보]엔씨소프트 1분기 매출 7,311억원·영업익 2,414억원 달성"
476,2020-05-12 08:08:00,"[속보] ‘게임 대장주’ 엔씨소프트, 1분기 영업익 2,414억 원·..."
477,2020-05-11 14:01:00,"[특징주]엔씨소프트, 2개월만에 70만원대 `터치`"
478,2020-05-08 18:37:00,"08일, 외국인 거래소에서 SK하이닉스(+3.16%), 엔씨소프트(+5..."
479,2020-05-11 14:01:00,"[특징주]엔씨소프트, 2개월만에 70만원대 `터치`"
480,2020-05-08 18:37:00,"08일, 외국인 거래소에서 SK하이닉스(+3.16%), 엔씨소프트(+5..."
481,2020-05-08 17:04:00,엔씨소프트 채용연계형 인턴십 공모
482,2020-05-08 14:38:00,"엔씨소프트, 2020년 하계 인턴사원 공개 모집"
483,2020-05-08 15:25:00,"엔씨소프트, 2020년 하계 인턴사원 공개 모집"
484,2020-05-08 12:38:00,"'엔씨소프트' 5% 이상 상승, 최근 5일간 외국인 대량 순매수"
485,2020-05-07 12:23:00,"연휴 끝 채용 시작.. 엔씨소프트, NH투자증권 등"
486,2020-05-07 06:47:00,"CEO 평균 보수, 일반직원의 8.7배…NC소프트의 격차가 가장 커"
487,2020-04-29 15:52:00,"엔씨소프트, 지식 공유 컨퍼런스 ‘NCDP 2020’ 성료"
488,2020-04-29 11:39:00,"엔씨소프트, 지식 공유 컨퍼런스 ‘NCDP 2020’ 개최"
489,2020-04-28 18:07:00,"엔씨소프트가 개발한 AI, 하루 세 번 ‘날씨 기사’ 쓴다"
490,2020-04-22 15:11:00,"'엔씨소프트' 5% 이상 상승, 단기·중기 이평선 정배열로 상승세"
491,2020-04-28 18:07:00,"엔씨소프트가 개발한 AI, 하루 세 번 ‘날씨 기사’ 쓴다"
492,2020-04-22 15:11:00,"'엔씨소프트' 5% 이상 상승, 단기·중기 이평선 정배열로 상승세"
493,2020-04-21 18:28:00,"엔씨소프트, 판교땅 매입 '시기상조'"
494,2020-04-17 08:40:00,"엔씨소프트, 8000억대 판교 부지 매입 추진…이유는?"
495,2020-04-17 08:34:00,"“엔씨소프트, 안정적 매출 수준 유지할 것”"
496,2020-04-17 08:00:00,"엔씨소프트, 우려 요인 없다..우상향 지속-현대차"
497,2020-04-16 10:39:00,"“‘리니지2M’ 흥행 엔씨소프트, 2분기도 실적 호조”"
498,2020-04-16 07:54:00,"엔씨소프트, 1Q에 이어 2Q도 영업이익 증가 지속-이베스트"
499,2020-04-15 17:11:00,"올해 21% 오른 엔씨소프트 주가… ""더 오를수도"""
500,2020-04-14 09:07:00,"IBK證 “엔씨소프트, 1분기 호실적 전망""... 목표주가 ↑"
501,2020-04-14 07:52:00,"엔씨소프트, 전망치 부합하는 실적-IBK투자증권"
502,2020-04-12 16:17:00,온라인·非대면이 대세…삼성SDI·엔씨소프트·칩스앤미디어 주목하라
503,2020-04-12 10:00:00,외인이 사랑한 엔씨소프트…코스피 17조 팔때 1200억 산 이유는
504,2020-04-14 07:52:00,"엔씨소프트, 전망치 부합하는 실적-IBK투자증권"
505,2020-04-12 16:17:00,온라인·非대면이 대세…삼성SDI·엔씨소프트·칩스앤미디어 주목하라
506,2020-04-12 10:00:00,외인이 사랑한 엔씨소프트…코스피 17조 팔때 1200억 산 이유는
507,2020-04-12 09:56:00,임원 연봉 1위 기업은 엔씨소프트… 평균 11억원
508,2020-04-12 09:49:00,"임원 연봉 1위 기업 엔씨소프트, 평균 11억 넘어"
509,2020-04-10 07:57:00,"[클릭 e종목]""엔씨소프트, 무난한 1분기 실적 전망"""
510,2020-04-10 07:33:00,"엔씨소프트, 코로나19로 실적 증가-한국투자증권"
511,2020-04-10 07:30:00,"엔씨소프트, 1분기에도 리니지2M 매출 견조한 흐름 -한국"
512,2020-04-10 00:20:00,삼전·NAVER·엔씨소프트…'코로나 무풍지대'서 쇼핑한 연기금
513,2020-04-08 08:03:00,"코로나19불구 성장하는 기업은?…""셀트리온·엔씨소프트 등"""
514,2020-04-07 16:47:00,주요 게임주 1Q 실적 ‘선방’ 전망…엔씨소프트 호조 ‘기대’
515,2020-04-06 08:45:00,"“엔씨소프트, 코로나 19 영향 전무 할 것”"
516,2020-04-06 08:13:00,"엔씨소프트, 리니지2M 독보적 1위-대신"
517,2020-04-05 15:41:00,NHN한국사이버결제·엔씨소프트 등 '언택트株' 초강세
518,2020-04-07 16:47:00,주요 게임주 1Q 실적 ‘선방’ 전망…엔씨소프트 호조 ‘기대’
519,2020-04-06 08:45:00,"“엔씨소프트, 코로나 19 영향 전무 할 것”"
520,2020-04-06 08:13:00,"엔씨소프트, 리니지2M 독보적 1위-대신"
521,2020-04-05 15:41:00,NHN한국사이버결제·엔씨소프트 등 '언택트株' 초강세
522,2020-04-03 11:18:00,"집콕에 웃는 엔씨소프트·카카오, 1Q 세자릿수 '껑충'"
523,2020-04-03 08:18:00,"엔씨소프트, 실적 모멘텀 2~3Q까지 이어질 것-미래에셋대우"
524,2020-04-02 18:29:00,"엔씨소프트, 한달간 주 4일제 근무 시행…코로나19 예방 위한 선제적 ..."
525,2020-04-02 08:41:00,콘솔 시장 도전하는 엔씨소프트…올 가을 ‘퓨저’ 출시
526,2020-04-01 09:20:00,"엔씨소프트, 리니지2M 호실적 지속 기대…`대장주`-한화"
527,2020-04-01 08:51:00,"""엔씨소프트, 방어주 넘어선 대장주"""
528,2020-04-01 08:49:00,"""엔씨소프트, 코로나19 영향 비껴간 방어주"""
529,2020-03-29 17:39:00,[이번주 추천주]코로나에도 탄탄한 실적방어···엔씨소프트·카카오 등 추...
530,2020-03-28 12:00:00,"엔씨소프트, 하락장에서도 증권사 목표가↑"
531,2020-04-01 08:49:00,"""엔씨소프트, 코로나19 영향 비껴간 방어주"""
532,2020-03-29 17:39:00,[이번주 추천주]코로나에도 탄탄한 실적방어···엔씨소프트·카카오 등 추...
533,2020-03-28 12:00:00,"엔씨소프트, 하락장에서도 증권사 목표가↑"
534,2020-03-28 09:34:00,"엔씨소프트, 전국 PC방 지원 4월말까지 연장"
535,2020-03-27 08:48:00,"엔씨소프트, 코로나19로 게임사 장점 부각-한국투자증권"
536,2020-03-27 07:27:00,"[클릭 e종목] ""엔씨소프트, 풍부한 유동성에 안정적인 실적까지"""
537,2020-03-26 16:40:00,"엔씨소프트, 공식 홈페이지 새단장…신규 CI 적용"
538,2020-03-26 14:22:00,"엔씨소프트, 공식 홈페이지 리뉴얼 오픈"
539,2020-03-26 14:01:00,"엔씨소프트, 공식 홈페이지 리뉴얼 개장"
540,2020-03-26 13:14:00,"엔씨소프트, 공식 홈페이지 리뉴얼 오픈…신규 CI 적용"
541,2020-03-26 08:49:00,"엔씨소프트, 탄탄한 리니지 위상 목표주가↑-하이"
542,2020-03-26 08:40:00,"엔씨소프트, 코로나 사태에도 안정적 실적…목표가↑-하이"
543,2020-03-25 16:30:00,"김택진 엔씨소프트 대표 ""올해 화두는 해외와 콘솔…글로벌 종합게임기업 ..."
544,2020-03-25 10:46:00,"김택진 엔씨소프트 대표 ""글로벌 종합 게임기업으로 성장할 것"""
545,2020-03-25 15:08:00,엔씨소프트 이사보수 한도 200억으로 상향
546,2020-03-26 08:49:00,"엔씨소프트, 탄탄한 리니지 위상 목표주가↑-하이"
547,2020-03-26 08:40:00,"엔씨소프트, 코로나 사태에도 안정적 실적…목표가↑-하이"
548,2020-03-25 16:30:00,"김택진 엔씨소프트 대표 ""올해 화두는 해외와 콘솔…글로벌 종합게임기업 ..."
549,2020-03-25 10:46:00,"김택진 엔씨소프트 대표 ""글로벌 종합 게임기업으로 성장할 것"""
550,2020-03-25 15:08:00,엔씨소프트 이사보수 한도 200억으로 상향
551,2020-03-25 12:57:00,국내 모바일게임 매출 1위는 엔씨소프트…넷마블·넥슨 뒤이어
552,2020-03-25 10:59:00,"엔씨소프트, 지난해 국내 모바일 퍼블리셔 1위"
553,2020-03-25 09:10:00,"'엔씨소프트' 5% 이상 상승, 수급 불균형으로 생긴 기회 - 신한금융..."
554,2020-03-25 08:31:00,"[Hot-Line] ""엔씨소프트, 1분기 큰 폭의 이익 성장 전망""…목..."
555,2020-03-25 07:52:00,"엔씨소프트, 리니지M 등 힘입어 1·4분기 큰 폭 이익 성장 전망-케..."
556,2020-03-25 07:48:00,"엔씨소프트, 1Q 이익 성장 기대…코로나에도 목표주가 15%↑-케이프"
557,2020-03-24 18:16:00,코로나 영향 없다… 엔씨소프트 실적 기대감 ‘쑥’
558,2020-03-24 09:01:00,"""엔씨소프트, 밸류에이션 매력으로 외국인 순매수 이어져"""
559,2020-03-24 08:44:00,"엔씨소프트, 외국인 자금 이탈로 수급 불균형…목표가↓-신한"
560,2020-03-24 15:51:00,"'린저씨 효과' 엔씨소프트, SKT·현대모비스 넘었다"
561,2020-03-24 10:34:00,"10% 오른 엔씨소프트, 시총 11위..SKT 제쳤다"
562,2020-03-24 15:14:00,"엔씨소프트, 1분기 실적 ‘탄탄’…“주가 싸다”"
563,2020-03-24 09:58:00,[fnRASSI]엔씨소프트(036570) 10.14% 상승
564,2020-03-25 07:48:00,"엔씨소프트, 1Q 이익 성장 기대…코로나에도 목표주가 15%↑-케이프"
565,2020-03-24 18:16:00,코로나 영향 없다… 엔씨소프트 실적 기대감 ‘쑥’
566,2020-03-24 09:01:00,"""엔씨소프트, 밸류에이션 매력으로 외국인 순매수 이어져"""
567,2020-03-24 08:44:00,"엔씨소프트, 외국인 자금 이탈로 수급 불균형…목표가↓-신한"
568,2020-03-24 15:51:00,"'린저씨 효과' 엔씨소프트, SKT·현대모비스 넘었다"
569,2020-03-24 10:34:00,"10% 오른 엔씨소프트, 시총 11위..SKT 제쳤다"
570,2020-03-24 15:14:00,"엔씨소프트, 1분기 실적 ‘탄탄’…“주가 싸다”"
571,2020-03-24 09:58:00,[fnRASSI]엔씨소프트(036570) 10.14% 상승
572,2020-03-24 09:16:00,"'엔씨소프트' 5% 이상 상승, 주가 반등 시도, 단기 이평선 역배열 ..."
573,2020-03-24 07:50:00,"엔씨소프트, 최근 조정은 매수 기회-대신증권"
574,2020-03-24 07:20:00,"[클릭 e종목]“엔씨소프트, 코로나19에도 1분기 실적 기대치 부합할 ..."
575,2020-03-22 10:05:00,[마켓포인트]코스피 주간 기관 순매수 1위 ‘엔씨소프트’
576,2020-03-20 09:39:00,"[특징주]엔씨소프트, 외국계 매수 덕 12일만에 `상승세`"
577,2020-03-24 07:20:00,"[클릭 e종목]“엔씨소프트, 코로나19에도 1분기 실적 기대치 부합할 ..."
578,2020-03-22 10:05:00,[마켓포인트]코스피 주간 기관 순매수 1위 ‘엔씨소프트’
579,2020-03-20 09:39:00,"[특징주]엔씨소프트, 외국계 매수 덕 12일만에 `상승세`"
580,2020-03-20 09:16:00,"'엔씨소프트' 5% 이상 상승, 코로나 영향 거의 없는 엔씨마저? 과매..."
581,2020-03-18 17:59:00,"엔씨소프트, '리니지' 플랫폼 다변화...퓨저로 음악게임 열풍[K게임,..."
582,2020-03-18 11:54:00,"'엔씨소프트' 5% 이상 상승, 코로나 영향 거의 없는 엔씨마저? 과매..."
583,2020-03-18 09:22:00,"“엔씨소프트, 1분기 실적은 대호조 전망...'매수'”"
584,2020-03-18 08:11:00,"엔씨소프트, 1분기 실적 대호조 예상-이베스트투자증권"
585,2020-03-15 15:52:00,코로나 패닉장에도 선방한 종목 살펴보니…셀트리온헬스케어·씨젠·엔씨소프트...
586,2020-03-08 10:42:00,"[이번주 추천주] ""웹보드게임규제 완화 기대감"" 엔씨소프트·NHN 주목"
587,2020-03-05 15:34:00,"'엔씨소프트' 52주 신고가 경신, 전일 외국인 대량 순매수"
588,2020-03-05 15:34:00,"'엔씨소프트' 52주 신고가 경신, 전일 외국인 대량 순매수"
589,2020-03-05 13:38:00,"‘코로나 극복하자’…엔씨소프트, 전국 PC방 사업주 100% 지원"
590,2020-03-05 10:16:00,"엔씨소프트, PC방 사업주 추가 지원 결정…3월 한달 이용료 무료"
591,2020-03-05 09:43:00,"“엔씨소프트, 1Q 호실적…‘리니지2M’ 매출·트래픽 급등”"
592,2020-03-05 09:05:00,"""엔씨소프트, 코로나19 장기화로 리니지 IP 게임 매출 호조···목..."
593,2020-03-05 07:56:00,"[클릭 e종목]“엔씨소프트, 위기에 돋보이는 안전자산… 목표주가↑”"
594,2020-03-05 07:49:00,"엔씨소프트, 코로나19 사태로 더 돋보여-메리츠證"
595,2020-03-04 17:16:00,"엔씨소프트, 시총 15조원 돌파…KB금융·신한지주 넘어서나"
596,2020-03-04 10:39:00,"[특징주]집콕 게임주 `강세`…엔씨소프트, 또 52주 신고가"
597,2020-03-04 09:53:00,"[특징주]엔씨소프트, 1분기 어닝서프라이즈 전망에 신고가"
598,2020-03-04 09:37:00,"[특징주]엔씨소프트, 1분기 어닝 서프라이즈 전망에 신고가 기록"
599,2020-03-04 09:40:00,"'엔씨소프트' 5% 이상 상승, 단기·중기 이평선 정배열로 상승세"
600,2020-03-04 09:31:00,"엔씨소프트, 52주 신고가 경신…장중 한때 71만3000원"
601,2020-03-04 09:27:00,"52주 신고가 기록한 엔씨소프트, 이유가"
602,2020-03-04 09:25:00,"[fnRASSI]엔씨소프트(036570), 52주 신고가 경신...4...."
603,2020-03-04 09:22:00,"'엔씨소프트' 52주 신고가 경신, 단기·중기 이평선 정배열로 상승세"
604,2020-03-04 09:40:00,"'엔씨소프트' 5% 이상 상승, 단기·중기 이평선 정배열로 상승세"
605,2020-03-04 09:37:00,"[특징주]엔씨소프트, 1분기 어닝 서프라이즈 전망에 신고가 기록"
606,2020-03-04 09:31:00,"엔씨소프트, 52주 신고가 경신…장중 한때 71만3000원"
607,2020-03-04 09:27:00,"52주 신고가 기록한 엔씨소프트, 이유가"
608,2020-03-04 09:25:00,"[fnRASSI]엔씨소프트(036570), 52주 신고가 경신...4...."
609,2020-03-04 09:22:00,"'엔씨소프트' 52주 신고가 경신, 단기·중기 이평선 정배열로 상승세"
610,2020-03-04 08:57:00,"엔씨소프트, 리니지2M 매출 증가로 실적성장 전망-미래대우"
611,2020-03-04 07:52:00,"엔씨소프트, 어닝 서프라이즈 전망-미래에셋대우"
612,2020-03-01 13:59:00,[주간추천주]NAVER·엔씨소프트 성장 기대…이마트는 코로나 ‘반사이익...
613,2020-02-29 11:00:00,"[클릭 e종목]""엔씨소프트, 리니지2M 매출 상승 기대…목표주가↑"""
614,2020-02-28 18:07:00,엔씨소프트 '코로나 성금' 20억 쾌척
615,2020-02-28 17:54:00,"엔씨소프트·넷마블·하이트진로·벤츠…""힘내라 대구"""
616,2020-02-28 18:07:00,엔씨소프트 '코로나 성금' 20억 쾌척
617,2020-02-28 17:54:00,"엔씨소프트·넷마블·하이트진로·벤츠…""힘내라 대구"""
618,2020-02-28 14:39:00,"엔씨소프트, 코로나19 피해 복구 성금 20억원 기부"
619,2020-02-28 13:15:00,"엔씨소프트, ‘코로나19 피해’ PC방 사업주 지원"
620,2020-02-27 14:38:00,"엔씨소프트-연세대, 한국어 AI 데이터 구축 위한 공동 수업 개설"
621,2020-02-27 13:04:00,"엔씨소프트, 콘솔·PC 플랫폼 신작 ‘퓨저’ 공개"
622,2020-02-27 11:52:00,"엔씨소프트, 콘솔 신작 '퓨저' 공개…올 가을 북미·유럽 론칭"
623,2020-02-27 10:08:00,"엔씨소프트 콘솔 PC 플랫폼 신작 ‘퓨저’, 美 '팍스 이스트'서 공..."
624,2020-02-26 17:59:00,"엔씨소프트, 코로나19 확산에 '3일간 전직원 유급 특별휴가'"
625,2020-02-26 16:54:00,"'통큰' 김택진, 엔씨소프트 전직원에 유급휴가 3일"
626,2020-02-26 16:39:00,"엔씨소프트 ‘리니지2M’, 3월 ‘캐릭터 서버 이전’ 이벤트 연다"
627,2020-02-25 09:48:00,엔씨소프트 '투턱곰 X 몬스타엑스’ 신규 콜라보 웹예능 공개
628,2020-02-20 16:07:00,70만원 찍은 엔씨소프트...“리니지M으로 1분기 이익 급증”
629,2020-02-26 16:39:00,"엔씨소프트 ‘리니지2M’, 3월 ‘캐릭터 서버 이전’ 이벤트 연다"
630,2020-02-25 09:48:00,엔씨소프트 '투턱곰 X 몬스타엑스’ 신규 콜라보 웹예능 공개
631,2020-02-20 16:07:00,70만원 찍은 엔씨소프트...“리니지M으로 1분기 이익 급증”
632,2020-02-20 09:25:00,"[특징주] 실적 기대감 커지는 엔씨소프트, 장 초반 강세"
633,2020-02-20 07:51:00,"[클릭 e종목]""엔씨소프트, 올해 1분기 실적 서프라이즈 기대"""
634,2020-02-19 18:37:00,"19일, 외국인 거래소에서 카카오(+4.4%), 엔씨소프트(+4.89%..."
635,2020-02-19 13:30:00,"'엔씨소프트' 5% 이상 상승, 상상 그 이상이었던 리니지 저력 - 한..."
636,2020-02-19 10:13:00,"'엔씨소프트' 52주 신고가 경신, 상상 그 이상이었던 리니지 저력 ..."
637,2020-02-19 10:16:00,"[fnRASSI]엔씨소프트(036570), 52주 신고가 경신...3...."
638,2020-02-16 13:56:00,"[이번주 추천주] ""리니지2M 흥행 기대""...엔씨소프트 주목"
639,2020-02-14 12:08:00,"'엔씨소프트' 5% 이상 상승, 상상 그 이상이었던 리니지 저력 - 한..."
640,2020-02-14 12:08:00,"'엔씨소프트' 5% 이상 상승, 상상 그 이상이었던 리니지 저력 - 한..."
641,2020-02-13 18:22:00,"‘리니지2M 효과’… ""엔씨소프트 올 영업익 114% 증가"""
642,2020-02-13 09:43:00,`리니지2M` 깜짝실적 엔씨소프트…증권가 목표가 상향 `러시`
643,2020-02-13 08:55:00,"엔씨소프트, 리니지2M 매출 기대 이상"
644,2020-02-13 08:36:00,"[Hot-Line] ""엔씨소프트, 기대되는 2020년"""
645,2020-02-13 08:03:00,"엔씨소프트, '리니지2M' 호조에 실적·밸류에이션 재평가…목표가↑-N..."
646,2020-02-13 08:00:00,"엔씨소프트, 리니지2M 흥행 목표주가 상향-이베스트"
647,2020-02-13 08:23:00,"[클릭 e종목]“엔씨소프트, 올해 성장동력 될 만한 재료 가득… 목표주..."
648,2020-02-12 17:47:00,`배당 0%` 넷마블은 봐주고…`30%` 엔씨소프트는 손본다?
649,2020-02-12 17:41:00,엔씨소프트 리니지2M 덕에 `훨훨`
650,2020-02-12 11:37:00,[종합] '리니지2M'으로 선방한 엔씨소프트…매출 60%가 '모바일게임...
651,2020-02-12 10:31:00,엔씨소프트 연매출 '2조 클럽' 실패 이유는
652,2020-02-12 10:03:00,"“블레이드 앤 소울 모바일, 중국서 특히 흥행 기대”-엔씨소프트 컨콜"
653,2020-02-12 09:56:00,“국내 서비스 성황…해외 진출 위한 인력 활용 제한적”-엔씨소프트 컨콜
654,2020-02-12 09:53:00,"“리니지2M 올해 매출, 시장 전망치 상회할 것”-엔씨소프트 컨콜"
655,2020-02-12 09:39:00,"“리니지2M 인센티브 지급, 성과에 따라 지속”-엔씨소프트 컨콜"
656,2020-02-12 11:37:00,[종합] '리니지2M'으로 선방한 엔씨소프트…매출 60%가 '모바일게임...
657,2020-02-12 10:31:00,엔씨소프트 연매출 '2조 클럽' 실패 이유는
658,2020-02-12 10:03:00,"“블레이드 앤 소울 모바일, 중국서 특히 흥행 기대”-엔씨소프트 컨콜"
659,2020-02-12 09:56:00,“국내 서비스 성황…해외 진출 위한 인력 활용 제한적”-엔씨소프트 컨콜
660,2020-02-12 09:53:00,"“리니지2M 올해 매출, 시장 전망치 상회할 것”-엔씨소프트 컨콜"
661,2020-02-12 09:39:00,"“리니지2M 인센티브 지급, 성과에 따라 지속”-엔씨소프트 컨콜"
662,2020-02-12 09:34:00,"“리니지2M, MMORPG 경험 없는 신규 이용자층 다수 유입”-엔씨소..."
663,2020-02-12 09:27:00,"“리니지2M 매출·이용자수 추이, 리니지M때보다 안정적”-엔씨소프트 컨..."
664,2020-02-12 09:19:00,"[컨콜] 엔씨소프트 ""리니지2M, 확고한 수익원"""
665,2020-02-12 09:03:00,"엔씨소프트, 4Q 영업익 1412억 ‘전년比 25%↑’"
666,2020-02-12 08:48:00,"엔씨소프트, 지난해 영업익 22% 하락…로열티 감소 영향"
667,2020-02-12 08:35:00,"(속보)엔씨소프트 지난해 영업이익 4,790억원···전년 대비 22.1..."
668,2020-02-12 08:48:00,"엔씨소프트, 지난해 영업익 22% 하락…로열티 감소 영향"
669,2020-02-12 08:35:00,"(속보)엔씨소프트 지난해 영업이익 4,790억원···전년 대비 22.1..."
670,2020-02-12 08:30:00,"엔씨소프트, 4Q 영업익 1411억..전년比 25%↑"
671,2020-02-12 08:28:00,"엔씨소프트, 지난해 4분기 영업익 1411억…전년비 25.4%↑"
672,2020-02-11 18:57:00,"[잠정실적]엔씨소프트, 작년 4Q 매출액 급증 5338억원... 전년동..."
673,2020-02-11 18:00:00,"엔씨소프트, 지난해 영업익 4789억…전년比 22%↓"
674,2020-02-11 17:19:00,"[공시]엔씨소프트, 지난해 영업익 4789억…전년比 22%↓"
675,2020-02-11 17:14:00,"엔씨소프트, 작년 영업익 4789억… 전년比 22%↓"
676,2020-02-11 17:46:00,"엔씨소프트, 지난해 매출 1조7011억·영업익 4790억"
677,2020-02-11 14:46:00,"엔씨소프트 ‘스푼즈’, 밸런타인데이 기념 신규 굿즈 출시"
678,2020-02-10 14:43:00,"엔씨소프트 ‘리니지2M’, 하루 평균 41억 벌었다"
679,2020-02-09 18:10:00,"엔씨소프트, 연일 사상 최고가"
680,2020-02-07 09:13:00,"'엔씨소프트' 52주 신고가 경신, 단기·중기 이평선 정배열로 상승세"
681,2020-02-10 14:43:00,"엔씨소프트 ‘리니지2M’, 하루 평균 41억 벌었다"
682,2020-02-09 18:10:00,"엔씨소프트, 연일 사상 최고가"
683,2020-02-07 09:13:00,"'엔씨소프트' 52주 신고가 경신, 단기·중기 이평선 정배열로 상승세"
684,2020-02-06 09:09:00,"'엔씨소프트' 52주 신고가 경신, 전일 외국인 대량 순매수"
685,2020-02-05 14:11:00,"엔씨소프트 ‘아이온’, ‘전투 지원’ 도입…자동사냥 가능해졌다"
686,2020-02-04 08:38:00,"엔씨소프트, 리니지2M 대규모 업데이트 효과 기대-미래"
687,2020-02-04 08:36:00,"[Hot-Line] ""엔씨소프트, 리니지2M 매출액 예상치 상회"""
688,2020-02-04 08:33:00,"엔씨소프트, 1Q 어닝 서프라이즈 기대-미래에셋대우"
689,2020-02-03 18:37:00,"03일, 외국인 거래소에서 삼성바이오로직스(-1.03%), 엔씨소프트(..."
690,2020-02-03 13:07:00,"엔씨소프트, 美MIT와 5년째 소외계층 위한 과학프로그램 진행"
691,2020-02-03 10:57:00,"“엔씨소프트, 올해 영업익 92% 성장…목표주가 80만원”"
692,2020-01-31 14:47:00,"엔씨소프트, 리니지2M 네번째 OST ‘워하트’ 발매"
693,2020-02-03 10:57:00,"“엔씨소프트, 올해 영업익 92% 성장…목표주가 80만원”"
694,2020-01-31 14:47:00,"엔씨소프트, 리니지2M 네번째 OST ‘워하트’ 발매"
695,2020-01-30 09:06:00,"'엔씨소프트' 52주 신고가 경신, 전일 외국인 대량 순매수"
696,2020-01-29 12:24:00,"'엔씨소프트' 52주 신고가 경신, 전일 외국인 대량 순매수"
697,2020-01-28 10:19:00,"엔씨소프트, 장중 65만원… 최고가 경신 ‘눈길’"
698,2020-01-28 08:57:00,"엔씨소프트 리니지2M 흥행으로 실적 호조 기대, 목표주가 상향"
699,2020-01-28 08:35:00,"엔씨소프트, 리니지2M으로 올해 호조..목표가↑-DB"
700,2020-01-28 08:30:00,"엔씨소프트, 리니지2M으로 올해 실적 호조…목표가↑-DB"
701,2020-01-28 09:16:00,"'엔씨소프트' 52주 신고가 경신, 전일 외국인 대량 순매수"
702,2020-01-23 16:45:00,엔씨소프트 올 영업익 전망 ‘작년 2배’
703,2020-01-23 08:43:00,"“엔씨소프트, 실적 서프라이즈 이어진다”"
704,2020-01-23 08:29:00,"""엔씨소프트, 올해 영업익 전년比 118% 급증""-미래에셋대우"
705,2020-01-23 12:30:00,"'엔씨소프트' 52주 신고가 경신, L2M 흥행, 매출처 다변화 시작 ..."
706,2020-01-23 09:02:00,"[Hot-Line] ""엔씨소프트, 올해 실적·신작 출시 모멘텀 예정"""
707,2020-01-23 08:36:00,"엔씨소프트, 또 서프라이즈..게임주 톱픽-미래"
708,2020-01-22 12:42:00,"엔씨소프트 ‘리니지2M’, ‘상아탑의 현자들’ 업데이트 실시"
709,2020-01-23 12:30:00,"'엔씨소프트' 52주 신고가 경신, L2M 흥행, 매출처 다변화 시작 ..."
710,2020-01-23 09:02:00,"[Hot-Line] ""엔씨소프트, 올해 실적·신작 출시 모멘텀 예정"""
711,2020-01-23 08:36:00,"엔씨소프트, 또 서프라이즈..게임주 톱픽-미래"
712,2020-01-23 08:43:00,"“엔씨소프트, 실적 서프라이즈 이어진다”"
713,2020-01-23 08:29:00,"""엔씨소프트, 올해 영업익 전년比 118% 급증""-미래에셋대우"
714,2020-01-22 12:42:00,"엔씨소프트 ‘리니지2M’, ‘상아탑의 현자들’ 업데이트 실시"
715,2020-01-22 11:13:00,엔씨소프트 강세에 신작 기대감까지…게임 ETF 난다
716,2020-01-22 09:19:00,"""리니지2M과 리니지M 실적 힘입어...엔씨소프트, 2020년 영업익 ..."
717,2020-01-22 08:07:00,"[클릭e종목]""엔씨소프트, '리니지2M'으로 매출 다변화...목표가 ..."
718,2020-01-22 07:30:00,"엔씨소프트, '리니지2M'으로 매출 다변화-KB증권"
719,2020-01-22 09:14:00,"'엔씨소프트' 52주 신고가 경신, 성공 History는 이어진다 - ..."
720,2020-01-19 11:32:00,[이번주 추천주] '실적개선' 엔씨소프트 '저평가' 금호석유에 주목
721,2020-01-17 09:06:00,"'엔씨소프트' 52주 신고가 경신, 성공 History는 이어진다 - ..."
722,2020-01-17 06:00:00,'신작의 저주' 풀고 사상 최고가 신화 쓴 엔씨소프트
723,2020-01-22 07:30:00,"엔씨소프트, '리니지2M'으로 매출 다변화-KB증권"
724,2020-01-19 11:32:00,[이번주 추천주] '실적개선' 엔씨소프트 '저평가' 금호석유에 주목
725,2020-01-17 09:06:00,"'엔씨소프트' 52주 신고가 경신, 성공 History는 이어진다 - ..."
726,2020-01-17 06:00:00,'신작의 저주' 풀고 사상 최고가 신화 쓴 엔씨소프트
727,2020-01-16 09:56:00,[특징주] 리니지2M 흥행 엔씨소프트 신고가 행진
728,2020-01-16 09:30:00,"[특징주]엔씨소프트, 실적 기대감 52주 신고가"
729,2020-01-16 09:26:00,"엔씨소프트, 리니지2M 흥행에 연일 신고가 경신"
730,2020-01-16 09:10:00,"'엔씨소프트' 52주 신고가 경신, 전일 외국인 대량 순매수"
731,2020-01-15 09:13:00,"'엔씨소프트' 52주 신고가 경신, 하이엔드 게임 시장의 최강자, 실적..."
732,2020-01-10 14:58:00,"엔씨소프트, 리니지 등 4개 게임 ‘PC방 대축제’ 이벤트 진행"
733,2020-01-10 09:07:00,"'엔씨소프트' 52주 신고가 경신, 최근 3일간 외국인 대량 순매수"
734,2020-01-09 11:05:00,美·이란 갈등에도 신고가 찍은 '게임대장株' 엔씨소프트
735,2020-01-10 09:07:00,"'엔씨소프트' 52주 신고가 경신, 최근 3일간 외국인 대량 순매수"
736,2020-01-09 11:05:00,美·이란 갈등에도 신고가 찍은 '게임대장株' 엔씨소프트
737,2020-01-09 09:12:00,"'엔씨소프트' 52주 신고가 경신, 전일 외국인 대량 순매수"
738,2020-01-08 11:43:00,"'엔씨소프트' 52주 신고가 경신, 글로벌 게임주 탑픽 그리고 목표주가..."
739,2020-01-08 09:36:00,"엔씨소프트, 1Q 사상최대 영업익 전망…목표가↑-미래"
740,2020-01-08 08:57:00,"""엔씨소프트, 실적 기대치에 비해 저평가···목표가↑"""
741,2020-01-08 07:48:00,"엔씨소프트, 압도적 투자매력 '목표가↑' -미래에셋대우"
742,2020-01-08 08:06:00,"엔씨소프트, 리니지2M 흥행에 2개 모바일게임 IP 확보-NH"
743,2020-01-07 20:38:00,영업익 1조 클럽 넘보는 엔씨소프트…연초부터 달리는 주가
744,2020-01-07 09:42:00,"엔씨소프트, 사흘째 강세…증권가도 호평"
745,2020-01-07 08:26:00,"엔씨소프트, 리니지2M 흥행에 호실적 기대…목표가↑-한국"
746,2020-01-07 08:25:00,"“엔씨소프트, 리니지2M 빅히트로 실적 모멘텀 계속될 것”"
747,2020-01-07 07:57:00,"[클릭 e종목]""엔씨소프트, 리니지2M 덕에 호실적 전망"""
748,2020-01-07 07:52:00,"""엔씨소프트, '리니지2M' 일평균 매출 30억원 추정""-이베스트"
749,2020-01-07 07:47:00,"엔씨소프트, 리니지 쌍두마차 출발-한국투자증권"
750,2020-01-07 07:12:00,"""엔씨소프트, 높은 장기투자 매력…목표주가 72만원"""
751,2020-01-07 18:21:00,"엔씨소프트, 새 CI·슬로건 공개"
752,2020-01-07 16:27:00,"엔씨소프트, 새 CI 공개"
753,2020-01-07 14:12:00,"엔씨소프트, 신규 CI 공개"
754,2020-01-07 10:39:00,"""미래를 보는 창"" 엔씨소프트 CI 리뉴얼"
755,2020-01-07 10:26:00,"엔씨소프트, CI 리뉴얼"
756,2020-01-07 09:25:00,"'엔씨소프트' 52주 신고가 경신, 전일 외국인 대량 순매수"
757,2020-01-07 16:27:00,"엔씨소프트, 새 CI 공개"
758,2020-01-07 14:12:00,"엔씨소프트, 신규 CI 공개"
759,2020-01-07 10:39:00,"""미래를 보는 창"" 엔씨소프트 CI 리뉴얼"
760,2020-01-07 10:26:00,"엔씨소프트, CI 리뉴얼"
761,2020-01-07 09:42:00,"엔씨소프트, 사흘째 강세…증권가도 호평"
762,2020-01-07 08:26:00,"엔씨소프트, 리니지2M 흥행에 호실적 기대…목표가↑-한국"
763,2020-01-07 08:25:00,"“엔씨소프트, 리니지2M 빅히트로 실적 모멘텀 계속될 것”"
764,2020-01-07 07:57:00,"[클릭 e종목]""엔씨소프트, 리니지2M 덕에 호실적 전망"""
765,2020-01-07 07:52:00,"""엔씨소프트, '리니지2M' 일평균 매출 30억원 추정""-이베스트"
766,2020-01-07 07:47:00,"엔씨소프트, 리니지 쌍두마차 출발-한국투자증권"
767,2020-01-07 07:12:00,"""엔씨소프트, 높은 장기투자 매력…목표주가 72만원"""
768,2020-01-07 09:25:00,"'엔씨소프트' 52주 신고가 경신, 전일 외국인 대량 순매수"
769,2020-01-06 18:37:00,"06일, 외국인 거래소에서 삼성전자(0.00%), 엔씨소프트(+2.48..."
770,2020-01-06 11:42:00,"엔씨소프트, ‘리니지2M’ 업고 게임대장株 굳히기"
771,2020-01-06 09:34:00,"[특징주] 엔씨소프트, 실적 기대감에 사상 최고가"
772,2020-01-05 15:31:00,"""한국금융·키움證, 투자 유망…엔씨소프트, 영업익 38% 늘 듯"""
773,2020-01-03 11:14:00,엔씨소프트 '52주 신고가'…올해 주가 상승 시동
774,2020-01-03 09:33:00,"'엔씨소프트' 52주 신고가 경신, 단기·중기 이평선 정배열로 상승세"
775,2020-01-02 18:51:00,"엔씨소프트, 올해 ‘신작·글로벌’ 두 마리 토끼 잡는다"
776,2020-01-07 07:47:00,"엔씨소프트, 리니지 쌍두마차 출발-한국투자증권"
777,2020-01-07 07:12:00,"""엔씨소프트, 높은 장기투자 매력…목표주가 72만원"""
778,2020-01-06 18:37:00,"06일, 외국인 거래소에서 삼성전자(0.00%), 엔씨소프트(+2.48..."
779,2020-01-06 11:42:00,"엔씨소프트, ‘리니지2M’ 업고 게임대장株 굳히기"
780,2020-01-06 09:34:00,"[특징주] 엔씨소프트, 실적 기대감에 사상 최고가"
781,2020-01-05 15:31:00,"""한국금융·키움證, 투자 유망…엔씨소프트, 영업익 38% 늘 듯"""
782,2020-01-03 11:14:00,엔씨소프트 '52주 신고가'…올해 주가 상승 시동
783,2020-01-03 09:33:00,"'엔씨소프트' 52주 신고가 경신, 단기·중기 이평선 정배열로 상승세"
784,2020-01-02 18:51:00,"엔씨소프트, 올해 ‘신작·글로벌’ 두 마리 토끼 잡는다"
785,2020-01-02 16:28:00,"엔씨소프트, 리니지2M 세번째 OST 'The Heroes' 발매"
786,2020-01-02 14:05:00,"엔씨소프트, 리니지2M 세번째 OST ‘더 히어로즈’ 발매"
787,2020-01-02 09:36:00,"엔씨소프트, 리니지2M 흥행에 4Q 영업익 38%↑…목표가↑-신영"
788,2019-12-15 17:38:00,[이번주 추천주] 신작 '리니지2M' 흥행 엔씨소프트 등 주목
789,2020-01-02 14:05:00,"엔씨소프트, 리니지2M 세번째 OST ‘더 히어로즈’ 발매"
790,2020-01-02 09:36:00,"엔씨소프트, 리니지2M 흥행에 4Q 영업익 38%↑…목표가↑-신영"
791,2019-12-15 17:38:00,[이번주 추천주] 신작 '리니지2M' 흥행 엔씨소프트 등 주목
792,2019-12-13 09:05:00,"""엔씨소프트, 리니지M 매출도 안정적…목표가 상향""-신한금융투자"
793,2019-12-13 08:39:00,"""엔씨소프트, 리니지2M만큼 리니지M도 안정적""...목표주가 ↑"
794,2019-12-13 08:27:00,"엔씨소프트, 리니지·리니지2 모바일 동반 흥행…목표가↑-신한"
795,2019-12-11 15:03:00,"엔씨소프트, 리니지2M 두번째 OST 앨범 공개"
796,2019-12-11 08:52:00,[제2회 납세대상 수상기업]엔씨소프트 '린저씨'들 총결집…매출·순익 쑥...
797,2019-12-11 08:22:00,"[클릭 e종목]""엔씨소프트, 중국 클라우드게이밍 시장 확대 수혜 전망"""
798,2019-12-10 09:37:00,“엔씨소프트의 리니지2M 기대 이상 ‘성과’”
799,2019-12-10 08:15:00,"엔씨소프트, 리니지2M 기대이상 '목표가↑'-이베스트"
800,2019-12-10 08:14:00,"[클릭 e종목]""엔씨소프트, 리니지2M 히트수준 예상 초과…목표가 '..."
801,2019-12-10 07:49:00,"엔씨소프트, ‘리니지2M’ 기대 이상 대히트… 목표가↑-이베스트"
802,2019-12-08 13:27:00,발동 걸린 '리니지2M' 효과···엔씨소프트 내년 '영업익 1조' 찍나
803,2019-12-10 08:15:00,"엔씨소프트, 리니지2M 기대이상 '목표가↑'-이베스트"
804,2019-12-10 08:14:00,"[클릭 e종목]""엔씨소프트, 리니지2M 히트수준 예상 초과…목표가 '..."
805,2019-12-10 07:49:00,"엔씨소프트, ‘리니지2M’ 기대 이상 대히트… 목표가↑-이베스트"
806,2019-12-08 13:27:00,발동 걸린 '리니지2M' 효과···엔씨소프트 내년 '영업익 1조' 찍나
807,2019-12-07 12:40:00,"""엔씨소프트, 리니지2M 덕분에 긍정적 분위기 연출"""
808,2019-12-07 09:31:00,리니지2M 성공 기대 커져…엔씨소프트 주가 반등하나
809,2019-12-06 18:37:00,"06일, 외국인 거래소에서 엔씨소프트(+7.37%), 삼성전자우(+2...."
810,2019-12-06 14:14:00,리니지2M 열풍에 엔씨소프트 주가 3일 연속↑
811,2019-12-06 10:48:00,"엔씨소프트, 사흘째 오름세…‘리니지2M’ 흥행 ‘지속’"
812,2019-12-06 10:08:00,"[특징주]엔씨소프트, 리니지2M 기대감에 장 초반 강세"
813,2019-12-06 09:49:00,"[특징주]엔씨소프트, 리니지2M 반응 긍정적 변화에 '강세'"
814,2019-12-06 08:36:00,"“엔씨소프트, 리니지2M으로 실적·주가 상승 기대”"
815,2019-12-06 08:16:00,"[클릭 e종목]“엔씨소프트, 리니지2M이 이끄는 실적개선 주목해야”"
816,2019-12-06 08:09:00,"""엔씨소프트, 리니지M 매출 1위 달성""-한국투자증권"
817,2019-12-06 08:03:00,리니지2M 대한 게임BJ의 평가가 달라졌다…엔씨소프트 주목-한국
818,2019-12-06 07:35:00,"""엔씨소프트, 리니지2M 매출 1위 달성…실적개선 주목"""
819,2019-12-06 10:30:00,"'엔씨소프트' 5% 이상 상승, 최근 3일간 기관 대량 순매수"
820,2019-12-04 16:52:00,"엔씨소프트 ‘리니지2M’, 출시 후 첫 업데이트 실시"
821,2019-12-04 16:31:00,"엔씨소프트, 리니지2M 출시 후 첫 업데이트"
822,2019-12-04 11:43:00,"엔씨소프트, '형만한 아우' 리니지2M 업고 반등랠리"
823,2019-12-04 14:41:00,"엔씨소프트 ‘리니지M’, ‘클래스 리부트&케어’ 업데이트 진행"
824,2019-12-04 10:17:00,‘리니지2M’ 흥행몰이…“엔씨소프트 주가 우상향 ‘전망’”
825,2019-12-03 14:38:00,"엔씨소프트, '스푼즈X뉴이스트' 크리스마스 굿즈 출시"
826,2019-12-06 10:08:00,"[특징주]엔씨소프트, 리니지2M 기대감에 장 초반 강세"
827,2019-12-06 09:49:00,"[특징주]엔씨소프트, 리니지2M 반응 긍정적 변화에 '강세'"
828,2019-12-06 08:36:00,"“엔씨소프트, 리니지2M으로 실적·주가 상승 기대”"
829,2019-12-06 08:16:00,"[클릭 e종목]“엔씨소프트, 리니지2M이 이끄는 실적개선 주목해야”"
830,2019-12-06 08:09:00,"""엔씨소프트, 리니지M 매출 1위 달성""-한국투자증권"
831,2019-12-06 08:03:00,리니지2M 대한 게임BJ의 평가가 달라졌다…엔씨소프트 주목-한국
832,2019-12-06 07:35:00,"""엔씨소프트, 리니지2M 매출 1위 달성…실적개선 주목"""
833,2019-12-04 16:52:00,"엔씨소프트 ‘리니지2M’, 출시 후 첫 업데이트 실시"
834,2019-12-04 16:31:00,"엔씨소프트, 리니지2M 출시 후 첫 업데이트"
835,2019-12-04 11:43:00,"엔씨소프트, '형만한 아우' 리니지2M 업고 반등랠리"
836,2019-12-04 14:41:00,"엔씨소프트 ‘리니지M’, ‘클래스 리부트&케어’ 업데이트 진행"
837,2019-12-04 10:17:00,‘리니지2M’ 흥행몰이…“엔씨소프트 주가 우상향 ‘전망’”
838,2019-12-03 14:38:00,"엔씨소프트, '스푼즈X뉴이스트' 크리스마스 굿즈 출시"
839,2019-12-03 11:12:00,"신작 대박인데 주가는 뒷걸음질…엔씨소프트, 지금이 매수 기회?"
840,2019-12-03 09:36:00,"신작 대박난 엔씨소프트, 하락하는 주가는 매수 기회?"
841,2019-12-02 11:24:00,"엔씨소프트, 리니지M '격돌의 탑' 모든 월드에 공개"
842,2019-12-02 09:31:00,"[특징주] 엔씨소프트, 신작 `리니지2M’ 구글플레이 매출 1위 등극 ..."
843,2019-11-28 11:13:00,신작 모멘텀 소멸에 엔씨소프트 주가 '빌빌'
844,2019-11-28 07:55:00,"엔씨소프트, 리니지2M 실적 확인되면 주가 반등-미래"
845,2019-11-28 07:45:00,"엔씨소프트, 리니지2M 긍정적인 흥행성과 기대-미래에셋대우"
846,2019-11-28 08:57:00,"""엔씨소프트, 출시 전후 약세는 충분히 예견된 것 ""-NH투자증권"
847,2019-11-28 08:35:00,"엔씨소프트, 리니지2M 출시 전후 주가 하락은 예견..`매출 확인하자..."
848,2019-11-28 07:58:00,"""엔씨소프트, 리니지2M 출시후 주가 하락…매출 확인 필요""-NH"
849,2019-12-04 11:43:00,"엔씨소프트, '형만한 아우' 리니지2M 업고 반등랠리"
850,2019-12-04 10:17:00,‘리니지2M’ 흥행몰이…“엔씨소프트 주가 우상향 ‘전망’”
851,2019-12-03 14:38:00,"엔씨소프트, '스푼즈X뉴이스트' 크리스마스 굿즈 출시"
852,2019-12-03 11:12:00,"신작 대박인데 주가는 뒷걸음질…엔씨소프트, 지금이 매수 기회?"
853,2019-12-03 09:36:00,"신작 대박난 엔씨소프트, 하락하는 주가는 매수 기회?"
854,2019-12-02 11:24:00,"엔씨소프트, 리니지M '격돌의 탑' 모든 월드에 공개"
855,2019-12-02 09:31:00,"[특징주] 엔씨소프트, 신작 `리니지2M’ 구글플레이 매출 1위 등극 ..."
856,2019-11-28 11:13:00,신작 모멘텀 소멸에 엔씨소프트 주가 '빌빌'
857,2019-11-28 07:55:00,"엔씨소프트, 리니지2M 실적 확인되면 주가 반등-미래"
858,2019-11-28 07:45:00,"엔씨소프트, 리니지2M 긍정적인 흥행성과 기대-미래에셋대우"
859,2019-11-28 08:57:00,"""엔씨소프트, 출시 전후 약세는 충분히 예견된 것 ""-NH투자증권"
860,2019-11-28 08:35:00,"엔씨소프트, 리니지2M 출시 전후 주가 하락은 예견..`매출 확인하자..."
861,2019-11-28 07:58:00,"""엔씨소프트, 리니지2M 출시후 주가 하락…매출 확인 필요""-NH"
862,2019-11-27 16:16:00,"엔씨소프트 ‘리니지2M’ 출시일에 하락...""초기 반응 기대 못미쳐"""
863,2019-11-27 11:41:00,리니지2M 발표 후에도 게임 최선호주는 엔씨소프트
864,2019-11-27 11:24:00,"“엔씨소프트, 주가 반등 위해선 리니지2M 매출 확대·해외확장 필요”"
865,2019-11-27 10:05:00,"[특징주] 엔씨소프트, ‘리니지2M’ 출시일에 약세"
866,2019-11-27 09:59:00,"엔씨소프트, '리니지2M' 출시 첫날 약세…5.95%↓"
867,2019-11-27 09:34:00,"[특징주] 엔씨소프트, `리니지2M` 출시 첫날 주가 약세"
868,2019-11-27 10:25:00,"엔씨소프트, 크로스 플레이 서비스 '퍼플' 베타 서비스 시작"
869,2019-11-28 07:58:00,"""엔씨소프트, 리니지2M 출시후 주가 하락…매출 확인 필요""-NH"
870,2019-11-28 07:55:00,"엔씨소프트, 리니지2M 실적 확인되면 주가 반등-미래"
871,2019-11-28 07:45:00,"엔씨소프트, 리니지2M 긍정적인 흥행성과 기대-미래에셋대우"
872,2019-11-27 16:16:00,"엔씨소프트 ‘리니지2M’ 출시일에 하락...""초기 반응 기대 못미쳐"""
873,2019-11-27 11:41:00,리니지2M 발표 후에도 게임 최선호주는 엔씨소프트
874,2019-11-27 11:24:00,"“엔씨소프트, 주가 반등 위해선 리니지2M 매출 확대·해외확장 필요”"
875,2019-11-27 10:05:00,"[특징주] 엔씨소프트, ‘리니지2M’ 출시일에 약세"
876,2019-11-27 09:59:00,"엔씨소프트, '리니지2M' 출시 첫날 약세…5.95%↓"
877,2019-11-27 09:34:00,"[특징주] 엔씨소프트, `리니지2M` 출시 첫날 주가 약세"
878,2019-11-27 10:25:00,"엔씨소프트, 크로스 플레이 서비스 '퍼플' 베타 서비스 시작"
879,2019-11-27 08:01:00,"엔씨소프트, 리니지2M 사전예약 최대치 경신-상상인"
880,2019-11-27 07:56:00,"엔씨소프트, 리니지2M 기대감↑… 신작 프로젝트 TL도 주목-상상인"
881,2019-11-25 17:40:00,"'리니지2M' 출시 앞둔 엔씨소프트, 신작출시 모멘텀 누릴까"
882,2019-11-24 16:20:00,한국전력·네이버·엔씨소프트…통신·유틸리티 등 경기방어株
883,2019-11-21 09:22:00,"""엔씨소프트, '리니지2M' 흥행예고…기업가치 재평가될 듯""-케이프"
884,2019-11-21 07:50:00,"엔씨소프트, `리니지2M` 기대 이상의 성과…주가 재평가-케이프"
885,2019-11-20 14:58:00,"엔씨소프트 크로스 플레이 서비스 '퍼플', 25일 사전 다운로드 시작"
886,2019-11-20 11:43:00,"엔씨소프트, ‘리니지2M’ 사전 다운로드 25일 정오부터 진행"
887,2019-11-27 08:01:00,"엔씨소프트, 리니지2M 사전예약 최대치 경신-상상인"
888,2019-11-27 07:56:00,"엔씨소프트, 리니지2M 기대감↑… 신작 프로젝트 TL도 주목-상상인"
889,2019-11-25 17:40:00,"'리니지2M' 출시 앞둔 엔씨소프트, 신작출시 모멘텀 누릴까"
890,2019-11-24 16:20:00,한국전력·네이버·엔씨소프트…통신·유틸리티 등 경기방어株
891,2019-11-21 09:22:00,"""엔씨소프트, '리니지2M' 흥행예고…기업가치 재평가될 듯""-케이프"
892,2019-11-21 07:50:00,"엔씨소프트, `리니지2M` 기대 이상의 성과…주가 재평가-케이프"
893,2019-11-20 14:58:00,"엔씨소프트 크로스 플레이 서비스 '퍼플', 25일 사전 다운로드 시작"
894,2019-11-20 11:43:00,"엔씨소프트, ‘리니지2M’ 사전 다운로드 25일 정오부터 진행"
895,2019-11-19 15:02:00,"[특징주]엔씨소프트, 리니지2M 출시 앞두고 52주 신고가"
896,2019-11-19 13:28:00,"'엔씨소프트' 52주 신고가 경신, PC에서의 계단식 성장. 모바일도 ..."
897,2019-11-19 13:14:00,"[fnRASSI]엔씨소프트, 52주 신고가...0.9% ↑"
898,2019-11-18 08:51:00,"""엔씨소프트, 리니지M 안정적 매출 유지···목표가↑”"
899,2019-11-18 08:17:00,"엔씨소프트, 리니지2M 기대감 유효…목표가↑-현대차證"
900,2019-11-19 13:14:00,"[fnRASSI]엔씨소프트, 52주 신고가...0.9% ↑"
901,2019-11-18 08:51:00,"""엔씨소프트, 리니지M 안정적 매출 유지···목표가↑”"
902,2019-11-18 08:17:00,"엔씨소프트, 리니지2M 기대감 유효…목표가↑-현대차證"
903,2019-11-16 13:49:00,엔씨소프트 '리니지2M' 출시 이후 주가 상승 가능할까
904,2019-11-15 08:46:00,엔씨소프트 신작 ‘리니지2M’ 토대로 실적 개선 전망
905,2019-11-14 11:02:00,"엔씨소프트, '리니지' IP 자신감..""경쟁작 영향 없었다"""
906,2019-11-14 11:02:00,"엔씨소프트, '리니지' IP 자신감..""경쟁작 영향 없었다"""
907,2019-11-14 09:45:00,"""리니지M, 리니지2M 출시 따른 자기잠식효과 없을 것""-엔씨소프트 ..."
908,2019-11-14 10:11:00,"[컨콜] 엔씨소프트 ""블소S, 해외 먼저 출시…블소2·아이온2 내년 출..."
909,2019-11-14 09:39:00,"""블소S, 해외 출시부터..블소2·아이온2 내년 출시일정 논의 중""-..."
910,2019-11-14 09:27:00,"""엔씨웨스트 유증, 엔씨 본사와 공조 강화하기 위한 것""-엔씨소프트 컨..."
911,2019-11-14 09:18:00,"""리니지M 매출, 경쟁작 출시 영향 없었다""-엔씨소프트 컨콜"
912,2019-11-14 08:57:00,"엔씨소프트 3·4분기 영업이익 1,289억원···전년 동기 비 7.3%..."
913,2019-11-14 08:37:00,"엔씨소프트, 3분기 영업익 1289억…전년비 7.3%↓"
914,2019-11-14 08:14:00,"엔씨소프트, 3분기 영업익 1289억… 전년比 7.3%↓"
915,2019-11-14 09:27:00,"""엔씨웨스트 유증, 엔씨 본사와 공조 강화하기 위한 것""-엔씨소프트 컨..."
916,2019-11-14 09:18:00,"""리니지M 매출, 경쟁작 출시 영향 없었다""-엔씨소프트 컨콜"
917,2019-11-14 08:57:00,"엔씨소프트 3·4분기 영업이익 1,289억원···전년 동기 비 7.3%..."
918,2019-11-14 08:37:00,"엔씨소프트, 3분기 영업익 1289억…전년비 7.3%↓"
919,2019-11-14 08:14:00,"엔씨소프트, 3분기 영업익 1289억… 전년比 7.3%↓"
920,2019-11-14 08:32:00,"엔씨소프트, 3Q 영업익 1289억원…전년 比 7.26% ↓(상보)"
921,2019-11-14 08:23:00,"엔씨소프트, 3Q 영업익 1289억원…전년비 7.26%↓"
922,2019-11-14 08:14:00,"엔씨소프트, 3분기 영업익 1289억… 전년比 7.3%↓"
923,2019-11-14 08:22:00,"엔씨소프트, 3분기 매출·영업익 모두 감소..""리니지2M 대기중"""
924,2019-11-14 08:08:00,"[잠정실적]엔씨소프트, 올해 3Q 매출액 3978억(-1.5%) 영업이..."
925,2019-11-13 18:37:00,"[시그널] 엔씨소프트, 윤송이가 이끄는 美자회사에 1332억 증자"
926,2019-11-13 18:01:00,"엔씨소프트, ""엔씨웨스트홀딩스 주식 1332억원에 추가취득"""
927,2019-11-13 17:47:00,"엔씨소프트 ""NC웨스트홀딩스 유상증자 결정"""
928,2019-11-13 17:42:00,"엔씨소프트, 미국 자회사 주식 1332억원어치 취득"
929,2019-11-13 08:36:00,풍부한 신작 라인업 갖춘 엔씨소프트 중장기 전망 긍정적
930,2019-11-13 08:29:00,"엔씨소프트, '리니지2M' 사전예약자 500만명 '매수'-SK증권"
931,2019-11-13 18:37:00,"[시그널] 엔씨소프트, 윤송이가 이끄는 美자회사에 1332억 증자"
932,2019-11-13 18:01:00,"엔씨소프트, ""엔씨웨스트홀딩스 주식 1332억원에 추가취득"""
933,2019-11-13 17:47:00,"엔씨소프트 ""NC웨스트홀딩스 유상증자 결정"""
934,2019-11-13 17:42:00,"엔씨소프트, 미국 자회사 주식 1332억원어치 취득"
935,2019-11-13 08:36:00,풍부한 신작 라인업 갖춘 엔씨소프트 중장기 전망 긍정적
936,2019-11-13 08:29:00,"엔씨소프트, '리니지2M' 사전예약자 500만명 '매수'-SK증권"
937,2019-11-12 16:38:00,"엔씨소프트, '리니지2M' 세번째 영지 '기란' 정보 공개"
