,date,title
0,2020.02.27.,"삼성전자 300억, 현대차 50억 등 재계 ‘코로나 성금’"
1,2020.02.27.,"현대차, 美 짝퉁부품소송서 이겨"
2,2020.02.27.,"현대차, 신형 G80·아반떼 출시 연기되나"
3,2020.02.27.,"“코로나 함께 극복” 삼성 300억, 현대차-SK-LG 50억씩 기부"
4,2020.02.27.,"삼성 300억, 현대차·SK·LG도 50억씩… 기업 성금 줄잇는다"
5,2020.02.27.,현대차 노하우 실은 자전거
6,2020.02.27.,코로나 극복 지원 팔걷은 재계… 삼성 300억 현대차·SK 50억
7,2020.02.27.,"현대차, 고성능 ‘N’ 품은 1000만원대 자전거 공개"
8,2020.02.27.,"현대차, 3월부터 다시 달린다…GV80 생산 '총력전'"
9,2020.02.27.,‘MMCA 현대차 시리즈 2020’에 양혜규 작가 선정
10,2020.02.26.,‘국립현대미술관 현대차 2020’ 세계적 설치작가 양혜규 선정
11,2020.02.26.,이번엔 국산 부품 못받아서… 현대차 공장 또 셧다운
12,2020.02.26.,'두바퀴'도 만드는 현대차…자전거 브랜드 '위아위스'와 협업
13,2020.02.26.,"정의선 수석부회장 통 큰 결단…현대차, 코로나19 성금 '50억' 기탁"
14,2020.02.26.,"'고성능 DNA 담은 자전거'... 현대차, N스페셜 에디션 공개"
15,2020.02.26.,"“코로나 방역지원에 써달라” 현대차, 50억 성금"
16,2020.02.26.,"현대차, 위아위스와 컬래버 ‘N 스페셜 에디션 자전거’ 첫 선 [포토뉴스]"
17,2020.02.26.,삼성 300억·LG 60억·현대차 50억·SK 50억…코로나 피해 돕기 '쾌척'
18,2020.02.26.,"자전거에 녹여낸 고성능 N… 현대차, 스페셜에디션 공개"
19,2020.02.26.,"양혜규, '현대차 시리즈' 작가…국립현대미술관서 8월 전시"
20,2020.02.26.,"대기업 “코로나 이겨냅시다”… 삼성 300억원, 현대차ㆍSKㆍLG 50억원 기부"
21,2020.02.26.,"현대차, 대구·경북 겨냥 50억 기탁 [‘코로나19’ 극복에 앞장서는 기업들]"
22,2020.02.26.,현대미술관 현대차 작가에 양혜규
23,2020.02.26.,[포토] 현대차 ‘N 스페셜 에디션 자전거’ 공개
24,2020.02.26.,"삼성 300억, 현대차·SK·LG 50억씩…코로나 극복 힘보태"
25,2020.02.26.,[포토] 현대차 N 브랜드 자전거 출시
26,2020.02.26.,`MMCA 현대차 시리즈 2020` 작가에 설치미술가 양혜규
27,2020.02.26.,"삼성·현대차 등 5대 그룹 470억 지원…기업도 ""대구·경북 힘내라"""
28,2020.02.25.,'임금협상 기간도 단축'..현대차 노사 코로나19 극복에 총력
29,2020.02.25.,<‘코로나19’ 초비상>현대차 울산공장 1개 라인 또 중단
30,2020.02.25.,코로나19發 공급체인 차질…현대차 울산공장 포터라인 ‘셧다운’
31,2020.02.25.,삼성ㆍ현대차ㆍSKㆍLG 등 줄줄이 재택근무 돌입
32,2020.02.25.,"""코로나 대응"" 현대차 노사 손맞잡았다"
33,2020.02.25.,현대차 '110만대 전기차 배터리' 공급업체 찾는다
34,2020.02.24.,"SKTㆍLG유플 재택근무 권고, 현대차 신규채용 연기… 혼돈의 산업계"
35,2020.02.24.,현대차 협력공장·LG전자 연구동 폐쇄…기업 셧다운 공포에 `플랜B` 마련 비상
36,2020.02.24.,中에 공 들였는데…현대차 `코로나 유탄` 우려
37,2020.02.24.,"현대차, BTS와 美서 수소 캠페인"
38,2020.02.24.,현대차 ‘BTS 수소 캠페인’ 타임스스퀘어에서 첫 공개
39,2020.02.24.,현대차-BTS ‘지구 환경 보호’ 한마음
40,2020.02.24.,"BTS, 현대차 글로벌 수소캠페인 나섰다"
41,2020.02.23.,"현대차-BTS, 뉴욕 타임스퀘어에서 친환경 수소 캠페인"
42,2020.02.23.,150만 뉴요커 발 멈췄다…BTS·현대차 다시 수소 컬래버
43,2020.02.23.,美 타임스퀘어 밝힌 '현대차 X BTS 수소캠페인' 영상
44,2020.02.23.,"현대차-BTS, 美 뉴욕서 글로벌 수소 캠페인 최초 공개"
45,2020.02.23.,"BTS가 감동한 자연…현대차, 美 타임스스퀘어에 수소캠페인 영상"
46,2020.02.23.,"현대차, 뉴욕서 BTS 출연 '수소 캠페인' 공개"
47,2020.02.23.,삼성·현대차·교보證…사내·사외이사 윤곽
48,2020.02.20.,"정몽구, 현대차 대표이사 연임 안한다"
49,2020.02.20.,정몽구 21년 만에 현대차 등기임원 사퇴
50,2020.02.20.,"도로상황 따라 알아서 변속… 현대차, 세계 첫 개발"
51,2020.02.20.,21년만에 현대차 의장직 내려놓는 정몽구
52,2020.02.20.,"정몽구 회장, 현대차 이사회 의장직서 물러난다"
53,2020.02.20.,"정몽구, 21년 만에 이사회 물러나… 현대차 ‘정의선 영향력’ 확대"
54,2020.02.20.,"현대차 이사회 이끄는 정의선, 모빌리티 '게임체인저' 된다"
55,2020.02.20.,힘 실린 ‘정의선 체제’…현대차 지배구조 개편 ‘탄력’
56,2020.02.20.,"[단독]현대차, 서울에 세계 최대 '초급속 전기차 충전소' 연다"
57,2020.02.20.,"현대차, 서울에 세계 최대 전기차 충전소 짓는다"
58,2020.02.19.,현대차 구매실장에서 이사회 의장 유력시..정의선 부회장이 거쳐간 자리는?
59,2020.02.19.,"현대차, 수소 굴착기·지게차도 만든다"
60,2020.02.19.,"현대차, 주총 한달 앞두고 이사회… ‘모빌리티 서비스사업’ 정관 추가"
61,2020.02.19.,"정몽구, 현대차 이사회 의장직 21년 만에 물러나…“회장 역할은 지속”"
62,2020.02.19.,"이사회 떠난 MK, 현대차 '2025전략' 넘어야 할 산은?"
63,2020.02.19.,"정몽구 현대차 회장, 21년만에 이사회 의장 물러난다...회장직은 유지"
64,2020.02.19.,"현대차, 뉴리더십 키 꽂아···모빌리티 기업 전환 속도낸다"
65,2020.02.19.,현대차 전기트럭 '포터II 일렉트릭' 냉장·냉동 시스템 탑재
66,2020.02.19.,"정몽구 회장, 21년 만에 현대차 이사회 의장 물러난다"
67,2020.02.19.,정몽구 현대차 회장 이사회 의장직 사의
68,2020.02.19.,"정몽구, 현대차 의장직 물려주고 회장으로… `책임경영`은 지속한다"
69,2020.02.19.,정몽구 22년 만에 현대차 대표이사 물러난다
70,2020.02.19.,"정몽구 회장, 21년만에 등기이사 물러난다 [현대차 경영 '변화의 바람']"
71,2020.02.19.,"현대차, 정의선표 미래먹거리 '모빌리티' 사업 확대 박차"
72,2020.02.19.,"정몽구 회장, 21년 만에 현대차 대표이사 내려놓는다"
73,2020.02.19.,자율주행·수소차 승부수…주력사업 ‘세대교체’ 가속 [현대차 경영 '변화의...
74,2020.02.19.,정의선의 현대차 `스마트 모빌리티` 사업에 승부건다
75,2020.02.19.,"현대차, 모빌리티·충전사업 추가… '미래차 개발'에 공격적 행보 [현대차 경..."
76,2020.02.18.,"현대차, 中판매 반토막···C공포에 떤다"
77,2020.02.18.,"현대차, 현대건설기계와 '수소연료 굴삭기' 개발"
78,2020.02.18.,"현대건설기계, 현대차와 수소연료 굴삭기 개발"
79,2020.02.18.,현대차 재가동 하루만에 ‘스톱’
80,2020.02.18.,"현대차-현대건설기계, 세계 최초 중대형 수소굴삭기 개발 '맞손'"
81,2020.02.18.,"현대차, 자율주행·시뮬레이션…`R&D 페스티벌`서 신기술 공유"
82,2020.02.18.,"현대차 새 모빌리티, ‘스마트 인천’ 싣고 달린다"
83,2020.02.18.,[경제 브리핑] 현대차 일부 공장 다시 휴업
84,2020.02.18.,"코로나發 '셧다운' 지속…현대차 공장 또 스톱, 기아차도 휴업 연장"
85,2020.02.18.,中 부품 바닥… 현대차 울산공장 가동 다시 멈춘다
86,2020.02.18.,35년간 매출 50위내 유지 기업은 삼성전자·현대차 등 8개뿐
87,2020.02.18.,"현대차, 수소연료전지 기반 굴착기·지게차 만든다"
88,2020.02.17.,"현대자동차그룹, 도심항공 모빌리티 진출…2025년까지 친환경차 44종으로 확대"
89,2020.02.17.,[김화진칼럼]현대자동차의 슈퍼볼 광고
90,2020.02.17.,정의선 현대차 의장직 넘겨받을까
91,2020.02.17.,"현대차, 수소전기트럭 2023년까지 개발"
92,2020.02.17.,"현대차·여수광양항만공사, 수소전기트럭 시범사업 위한 MOU 체결"
93,2020.02.17.,"정의선, 올 현대차 이사회 의장직 넘겨 받을까"
94,2020.02.17.,[車談숲]컨베이어벨트 듬성듬성 비는데…현대차가 공장 돌리는 이유
95,2020.02.17.,"현대차, 인천에 각종 교통수단과 연계하는 '다중 모빌리티 사업' 한다"
96,2020.02.17.,中부품 공급 불안…현대차 울산공장 다시 멈췄다
97,2020.02.17.,"현대차, 인천서 스마트모빌리티 구축"
98,2020.02.17.,"현대차, ‘인천e음’ 스마트시티 챌린지 사업자로 최종 선정 [포토뉴스]"
99,2020.02.16.,"현대차 팰리세이드, 미국 신차 중 ‘최고의 2020년형 차’"
100,2020.02.16.,"현대차, 물류 운송용 수소전기트럭 상용화 앞장"
101,2020.02.16.,'광양-부산' 왕복할 '현대차 수소전기트럭' 나온다
102,2020.02.16.,"현대차, 여수광양항만공사와 수소전기트럭 시범 사업"
103,2020.02.16.,"글로벌 자동차 기업으로 키워낸 정의선, 현대차 의장직 맡나… 내달 주총서 결..."
104,2020.02.16.,"정의선, 내달 주총서 현대차 이사회 의장직 넘겨받을까"
105,2020.02.16.,정의선 현대차 이사회 의장 물려받나…내달 주총 주목
106,2020.02.16.,"정의선 수석부회장, 현대차 이사회 의장 오르나"
107,2020.02.16.,"[단독] 정의선, 현대차 이사회 의장 될까"
108,2020.02.16.,"현대차-여수광양항만공사, 수소전기트럭 시범사업 추진"
109,2020.02.16.,현대차·여수광양항만공사 `으랏차`… 수소전기트럭 운영 시범사업 협력
110,2020.02.14.,"모비스, 정의선 현대차 수석부회장 사내이사로 재선임"
111,2020.02.14.,"현대차, 英에어쇼 참가… 국내 완성차업체 최초"
112,2020.02.14.,[사설] “고객 신뢰 되찾겠다”는 현대차 노조의 위기인식
113,2020.02.14.,"현대차, 미국 충돌 평가서 '최고 안전 차' 17개 차종 선정"
114,2020.02.14.,"현대차, EV 콘셉트카 ‘프로페시’ 티저 공개"
115,2020.02.14.,"현대차, 美서 '최고 안전한 차' 인정"
116,2020.02.14.,현대차가 그린 미래 EV '프로페시' 티저 ON
117,2020.02.13.,"현대차, 세계3대 에어쇼 참가…도심항공모빌리티 공개 예정"
118,2020.02.13.,삼성전자·현대차도 '주총 전자투표' 재계 전반 빠르게 확산
119,2020.02.13.,"""AI가 최적의 경로 안내""… 현대차, 차량호출 서비스"
120,2020.02.13.,"현대차-KST모빌리티, 은평구서 AI 기반 합승 서비스 '셔클' 시범 운영"
121,2020.02.13.,[단독]`서울형 전기택시` 개발…테슬라·현대차와 참여 협상 중
122,2020.02.13.,현대차 노조 “코로나19로 손실 커… 생산성 만회에 적극 협력”
123,2020.02.13.,"현대차, 전 계열사로 주총 전자투표제 확대… 새달부터 의결권 행사"
124,2020.02.12.,"현대자동차그룹, 사회적기업 지원 확대로 ‘상생경영’..창업 도우미 ‘기프트..."
125,2020.02.12.,“생산성 만회 나서자”…똘똘 뭉친 현대차 노조
126,2020.02.12.,현대차·르노삼성 이어 한국GM도 가동중단
127,2020.02.12.,"""사업 키우고 주주 끌어안고""…정의선의 현대차 키워드는 '투명'"
128,2020.02.12.,현대차 全상장계열사 `전자투표` 도입한다
129,2020.02.12.,현대차 노조 “생산성 만회하자”… 부품 공급 차질에 이례적 호소
130,2020.02.12.,"현대차, 미국 에너지부와 ‘수소차 보급 확대’ 손잡았다"
131,2020.02.12.,[사진] 현대차 울산2공장 닷새만에 재가동
132,2020.02.12.,"중국産 부품 수급에 숨통… 현대차, 일부 차종 생산재개"
133,2020.02.12.,"현대차, 美정부와 수소사회 구현 MOU… 정의선 광폭행보 결실"
134,2020.02.12.,"현대차, 美정부와 수소 동맹"
135,2020.02.12.,"현대차, 美에너지부와 수소연료전지 글로벌 저변 확대 ‘맞손’"
136,2020.02.12.,"현대차 ‘쏘나타 센슈어스’·기아차 ‘엑씨드’, 독일 iF 디자인상"
137,2020.02.12.,"""고객 없인 우리도 없다""...확 달라진 현대차 노조"
138,2020.02.11.,"현대차, 美정부와 MOU… ‘수소경제’ 확산 이끈다"
139,2020.02.11.,[김화진칼럼]현대차 정몽구 회장의 기술 리더십
140,2020.02.11.,현대차 '수소사회 구현' 美 에너지부와 협력 강화
141,2020.02.11.,"현대차, 美정부와 MOU '수소사회 구현' 앞당긴다"
142,2020.02.11.,"현대차, 美 정부와 수소車 저변 확대 나서다… MOU 체결"
143,2020.02.11.,"현대차 다시 출근한 4000명, ""주문 딸리는 펠리세이드부터…"""
144,2020.02.11.,현대차-미국 에너지부 “수소 산업 확대” 손잡아
145,2020.02.11.,"현대차·미 정부 ‘수소 사회’ 동행 “수소전기차 보급, 미국 전역 확대”"
146,2020.02.11.,"현대차, 美정부와 손잡고 `수소사회` 구현"
147,2020.02.11.,"“수소에너지 기술혁신·저변 확대” 현대차, 美 연방정부와 손 잡았다"
148,2020.02.10.,중국 와이어링 하니스 공장 내일 불켠다…현대차 휴업 끝?
149,2020.02.10.,작년 수소전기차 7574대 팔렸다...올해 현대차 Vs 토요타 '정면 대결'
150,2020.02.10.,"현대차, 작년 세계 전기차 시장 판매 6위"
151,2020.02.10.,[단독] '와이어링 하니스' 오늘 긴급공수…11일 현대차 생산재개
152,2020.02.10.,"中서 부품 도착… 현대차, 11일부터 일부 생산 재개"
153,2020.02.10.,‘와이어링 하네스’ 중국서 조달… 현대차 11일부터 재가동
154,2020.02.10.,"삼성·LG, 中 공장가동 지연···현대차는 '셧다운' 연장"
155,2020.02.10.,"`와이어링 하니스` 긴급공수…현대차, 11일부터 가동재개"
156,2020.02.10.,"中 공장 37곳 재가동…현대차, 한숨 돌렸다"
157,2020.02.10.,"현대차, 美시장 공략 강화...'3년 무상 엔진오일 교체' 파격 혜택"
158,2020.02.10.,"현대차, 1차생산 中부품 공수… “국내공장 내일부터 가동재개”"
159,2020.02.10.,"""中부품 다시 들어온다""… 현대차, 오늘부터 순차적 생산재개"
160,2020.02.09.,"현대차, 美서 아반떼·i30 리콜"
161,2020.02.09.,테슬라·VW·GM에 토요타·현대차까지 '전기차 배터리' 합작사 붐
162,2020.02.09.,[IR52 장영실상] 명화공업·세명테크·현대차 `서스펜션 섀시부품`
163,2020.02.08.,"[사설] '중국 올인' 현대차는 올스톱, 다변화 도요타는 정상 가동"
164,2020.02.08.,삼성·현대차 등 대거 포함…주총 앞두고 '당혹'
165,2020.02.07.,"울산 북구, 현대차 수소·전기車 거점…세계 최고 '수소 도시' 꿈꾼다"
166,2020.02.07.,"현대차 팔고 떠난 엘리엇, 이번엔 소프트뱅크 공격"
167,2020.02.07.,"현대차, 쓰촨현대 100% 자회사 편입"
168,2020.02.07.,삼성·현대차 공격했던 엘리엇…다음 타깃은 日 소프트뱅크
169,2020.02.07.,"현대차, 국내공장 '올스톱'…3만대 생산차질 예상"
170,2020.02.07.,"현대차, 국내 공장 ‘셧다운’… 재가동 시점 中부품공장에 달렸다"
171,2020.02.07.,현대차·하이닉스보다 더 벌었다…금융만 호황?
172,2020.02.07.,"“보릿고개 중소 협력사 돕자” 현대차, 1조원 푼다"
173,2020.02.07.,"'셧다운' 현대차, 협력사에 1兆 지원"
174,2020.02.07.,"코로나 쇼크 덮친 부품 협력사…현대차, 이달 1조원 긴급 지원"
175,2020.02.07.,"현대차 겨눴던 엘리엇, 다음 타깃은 日소프트뱅크"
176,2020.02.07.,"정몽구 현대차 회장, 한국인 최초로 미국 ‘자동차 명예의전당’에 올랐다"
177,2020.02.07.,"[사 설] 협력사부터 챙긴 현대차, 비상상황 상생의 좋은 모델"
178,2020.02.06.,수작업 의존 ‘와이어링 하니스’ 하나에…현대차 7000억 손실 볼 듯
179,2020.02.06.,"[단독]현대차 넥쏘, 호주대륙 첫 수소차 된다"
180,2020.02.06.,현대차 공장 멈추니…수천 개 부품업체 도미노 휴업 위기
181,2020.02.06.,"현대차, 협력사에 1조원 지원... 정의선 ""부품사 먼저 챙겨야"""
182,2020.02.06.,"법원 “현대차 하청노동자, 현대차 직원 맞다”"
183,2020.02.06.,현대차 ‘신종 코로나’로 힘든 협력사에 1조원 지원
184,2020.02.06.,"정의선式 친환경 결실… 현대차, 전기차 브랜드 `톱 10`"
185,2020.02.06.,"車부품사 수만곳 '연쇄 휴업'… 현대차, 협력사에 1兆 수혈 [산업계 '코로나 ..."
186,2020.02.06.,"현대차, 부품사에 1조 수혈"
187,2020.02.06.,"현대차, 글로벌 전기차 브랜드 6위 껑충"
188,2020.02.06.,"""2차 파견근로자라도 현대차 직접고용해야"""
189,2020.02.06.,현대차 휴업에 때아닌 '휴가' 가는 부품사 직원들
190,2020.02.05.,10대그룹株 ‘엇갈린 희비’…LG는 웃고 현대차는 울고
191,2020.02.05.,"지난해 현대차 판매왕은 장석길 영업부장..작년 369대, 10년간 3336대 판매"
192,2020.02.05.,`하루 1대` 판 현대차 판매왕
193,2020.02.05.,"현대차가 찜한 자율주행 스타트업의 인재 사랑…코드42, 전직원에게 스톡옵션..."
194,2020.02.05.,"[단독]김상조·홍남기, '신종 코로나 대책' 현대차·롯데 등 재계만난다"
195,2020.02.05.,현대차 2019 판매왕에 장석길 당진지점 영업부장
196,2020.02.05.,"홍남기·김상조, 현대차·롯데와 `코로나 대응` 논의"
197,2020.02.05.,"테슬라 해외직구 '톱' 등극...LG화학 시총, 현대차 제치고 5위"
198,2020.02.05.,[신종 코로나 확산]현대차·쌍용차 이어 르노삼성·기아차·한국지엠까지…차...
199,2020.02.05.,현대차 '판매왕'에 장석길 부장
200,2020.02.05.,공장 멈춘 현대차…“우한폐렴에 1분기실적 급락 불가피”
201,2020.02.05.,현대차 생산 7일부터 ‘올스톱’… 中 부품 공급 끊겨
202,2020.02.05.,현대차 국내공장 7일부터 ‘올스톱’
203,2020.02.05.,"부품 바닥난 현대차, 7개 공장 올스톱… 한국 車산업 마비 위기"
204,2020.02.05.,中 부품생산 재개 시점 불투명… 현대차 ‘셧다운’ 장기화 우려
205,2020.02.05.,‘코로나’ 직격탄… 현대차 국내공장 올스톱
206,2020.02.05.,현대차 23년 만에 부품 없어 라인 멈춘다
207,2020.02.04.,`얼어붙은 내수` 현대차 고전 … 한국GM `나홀로 성장`
208,2020.02.04.,"<‘우한 폐렴’ 비상>‘중국發 부품난’ 현대차, 신차 출시 차질 우려"
209,2020.02.04.,‘신종 코로나’가 현대차를 세웠다
210,2020.02.04.,타타대우 “현대차 독주 준중형 트럭시장에 도전장”
211,2020.02.04.,우한 폐렴에 끊긴 中부품… 현대차 모든 공장 7일 멈춰선다
212,2020.02.04.,"구글세 유탄… 삼성 스마트폰·현대차엔 부과, 반도체는 제외"
213,2020.02.04.,"최대 車부품사 보쉬 中공장 올스톱, 벤츠도 현대차도 멈춰설 판"
214,2020.02.04.,"현대차, 사우디 ‘공항 택시’로 신형 쏘나타 1000대 공급한다"
215,2020.02.04.,현대차 `정의선式 디자인 경영` 빛났다
216,2020.02.04.,현대차·기아차·제네시스 7개 차종 미국 ‘2019 굿디자인 어워드’ 수상
217,2020.02.04.,"트럼프 '슈퍼볼' 광고, 평가 꼴찌… 현대차 2위에"
218,2020.02.04.,현대차 전차종 이번주 생산 중단…11일까지 휴업하기로
219,2020.02.04.,현대차 생산 멈춘 이 작은 中 부품...'와이어링 하네스' 뭘까?
220,2020.02.04.,"타타대우상용차, 올해 준중형 트럭 출시...""현대차比 성능·가격 10% 우위"""
221,2020.02.04.,'신종 코로나' 유탄..현대차 공장도 멈췄다
222,2020.02.04.,"현대차 생산중단으로 3만대 공급 차질, 남은 과제는?"
223,2020.02.04.,"현대차, 제네시스·포터 인기차종부터 '셧다운'···""12일 생산재개 목표"""
224,2020.02.04.,"공급망 붕괴 '쇼크'···현대차, 국내공장 올스톱"
225,2020.02.04.,중국산 부품 끊겨… 현대차 공장도 셧다운
226,2020.02.04.,[단독] 현대차 韓공장 `올스톱`…中부품 재고부족 후폭풍
227,2020.02.04.,"현대차, 수소차 판매 1위 '질주'…SK, 반도체 수직계열화 완성"
228,2020.02.04.,현대차 공장 올스톱… 경제 ‘코로나 후폭풍’
229,2020.02.04.,"타타대우 ""현대차 독점 '준중형 트럭' 시장 진출"""
230,2020.02.03.,"현대자동차그룹, 채용박람회 열어 협력사 인력 확보 '지원사격'…""한몸으로 움..."
231,2020.02.03.,"현대차 '신형 쏘나타' 1000대, 사우디 '공항택시'로 달린다"
232,2020.02.03.,현대차 “전기차도 중고값 최대 76% 보장”
233,2020.02.03.,"현대차 신형 쏘나타, 사우디아라비아 공항 택시로 달린다"
234,2020.02.03.,"현대차, 사우디에 '녹색 쏘나타' 1000대 공항택시로 공급"
235,2020.02.03.,"현대차 신형 쏘나타 1000대, 사우디 공항택시로 글로벌 고객 만난다"
236,2020.02.03.,"현대차, 사우디 공항택시 1000대 공급 계약"
237,2020.02.03.,"현대차, 사우디 공항택시로 쏘나타 1000대 공급"
238,2020.02.03.,산업계 덮친 우한폐렴…삼성전자·현대차 생산 차질 현실화
239,2020.02.03.,"中 부품 끊긴 현대차, 동남아·국내 조달 '플랜B' 서두른다"
240,2020.02.03.,"현대차, 사우디에 쏘나타 택시 1000대"
241,2020.02.03.,"[단독]현대차, '인기만점' 그랜저 생산량 25% 늘린다"
242,2020.02.03.,"[단독]현대차, 4일부터 울산 일부 생산라인 스톱"
243,2020.02.03.,"현대차, 중동 택시시장 공략 속도"
244,2020.02.03.,"현대차, 글로벌 생산거점 '중국에서 인도로' 갈아탄다"
245,2020.02.02.,"""하루 6900원이면 전기차 내것""… 현대차 보장 프로그램"
246,2020.02.02.,"현대차, 국내 최초 '전기차 중고 가격 보장'"
247,2020.02.02.,"현대차 베이징·SK 창저우 공장, 가동 또 연기…부품난에 中企도 '비명'"
248,2020.02.02.,디지털세 때문에 삼성·현대차 세금폭탄? 오해와 진실
249,2020.02.02.,[이번주 추천주] '실적+성장' 네이버·LG생활건강·현대차 주목
250,2020.02.02.,"현대차, 전기차 중고차 가격 보장 프로그램 국내 최초 도입"
251,2020.02.02.,삼성전자·현대자동차·아모레퍼시픽도 2~3년 뒤 ‘구글세’ 낸다
252,2020.02.02.,"현대차, 국내 최초 전기차 중고차 가격 보장…“실 구매가 기준 76%”"
253,2020.01.31.,"디지털세, 삼성·현대차·LG 등 국내 대기업에도 적용될까"
254,2020.01.31.,"현대차, 필수인원 빼고 中주재원 철수"
255,2020.01.31.,가전·자동차에도 '디지털세' 부과… 삼성·현대차 불똥 튄다
256,2020.01.31.,삼성전자·현대차 '디지털세' 포함될 듯...세부담 가중 '비상'
257,2020.01.31.,현대차 3사 작년 매출 첫 200조 돌파
258,2020.01.31.,현대차 삼총사 매출 200兆 돌파
259,2020.01.31.,"현대차 3형제, 작년 매출 200조 돌파·영업익 7년 만에 ↑"
260,2020.01.31.,`구글세` 삼성·현대차에도 불똥
261,2020.01.31.,"OECD ‘디지털세’ 기본골격 합의… “삼성ㆍ현대차, 돈 버는 나라에도 세금 ..."
262,2020.01.31.,[단독]현대차 中주재원 귀국·공장 가동 연기…글로벌 제조 공급망 무너진다
263,2020.01.30.,"[기자수첩]'응답하라 2003', 현대차 '사스'의 교훈"
264,2020.01.30.,SK이노 “모빌리티로 배터리사업 확장”… 현대차에 협업 타진
265,2020.01.30.,"멈춰선 삼성·현대차 中공장…""장기화땐 공급망 붕괴될수도"""
266,2020.01.30.,현대차 오르니 부품주도 가속 페달
267,2020.01.30.,"현대자동차, 상상이 현실로… 2025년까지 44종 전동화 차량 운영"
268,2020.01.29.,"현대차, 中 우한에 25억원 상당 의료품·성금 전달"
269,2020.01.29.,"[2020그린모빌리티어워드]그린모빌리티상, 전순일 현대차 연료전지설계실 상무"
270,2020.01.29.,현대차 모빌리티 시동…내달부터 동네택시 '셔클' 달린다
271,2020.01.29.,"[단독] 현대차, 엔진 필요없는 車 시대 앞당긴다"
272,2020.01.29.,"유럽서 BMW 제친 현대차, 제네시스로 '질주' 예고"
273,2020.01.29.,SK그룹이냐 현대차냐… 재계 2위 자리 박빙싸움
274,2020.01.29.,"현대차·SK, 재계 2·3위 박빙 경쟁"
275,2020.01.28.,"""터키 공장 구하라"" 특명…현대차, i20 하이브리드 투입"
276,2020.01.28.,현대차 中공장 휴무…주재원 가족 긴급귀국
277,2020.01.28.,현대차 中판매 70만대 붕괴…신차로 승부수
278,2020.01.28.,中 우한폐렴 피해지역에 현대차 25억 지원
279,2020.01.28.,엘리엇 떠나고 이익은 늘어…비상할 준비나선 현대차
280,2020.01.28.,"현대차 월드랠리팀, 2020WRC 개막전 우승"
281,2020.01.27.,車경주도 극일..현대차 토요타 제치고 WRC 첫 대회 우승
282,2020.01.27.,현대차 월드랠리챔피언십 개막전 우승
283,2020.01.27.,"현대차, 2020 WRC 첫 대회 우승"
284,2020.01.27.,"현대차, 특허청 '중소기업 기술 탈취 시정 권고' 취소 소송 제기 각하"
285,2020.01.27.,"현대차 월드랠리챔피언십, 2020 WRC 시즌 첫 대회 몬테카를로 랠리 우승"
286,2020.01.23.,엘리엇 철수… 현대차 지배구조 개편 탄력
287,2020.01.23.,"현대차, 새 브랜드 캠페인 ‘두 번째 걸음마’ [포토뉴스]"
288,2020.01.23.,현대차 인도 신차품질 '넘버원' 돌풍
289,2020.01.23.,[포토] 현대차 로봇기술로 장애 극복 영상 공개
290,2020.01.23.,"현대차 괴롭히던 엘리엇, 작년 말 지분 팔고 떠났다"
291,2020.01.23.,"엘리엇, 현대차 지분 모두 팔아… 정의선 체제 완성 박차"
292,2020.01.23.,현대차 5개차종 JD파워 최우수품질상
293,2020.01.23.,"정의선 경영 1년만에… 현대차, 영업익 3조 본격 회복세로"
294,2020.01.23.,"[fn사설] 엘리엇 빠진 현대차, 지배구조 바꿀 기회다"
295,2020.01.23.,현대차 매출 100조 첫 돌파
296,2020.01.23.,적게 팔고도 더 많이 벌었다… 현대차 ‘매출 첫 100조 클럽’
297,2020.01.23.,"현대차, '인류 위한 진보' 비전 담은 두번째 캠페인 영상 공개"
298,2020.01.23.,"현대차, 품질로 인도시장 사로잡았다"
299,2020.01.23.,현대차 ‘시총 30조클럽’ 가입 성큼
300,2020.01.23.,"현대차, 인도서 최우수품질상 7개 중 5개 휩쓸어"
301,2020.01.23.,현대차 브랜드캠페인 영상 ‘두번째 걸음마’ 공개
302,2020.01.23.,재도약 토대 마련… 현대차 ‘스마트 모빌리티 기업’ 질주
303,2020.01.23.,현대차 로보틱스 기술로 일어난 박준범 선수
304,2020.01.23.,현대차 1만5000명 퇴직해도···추가고용 계획 전혀 없는 까닭
305,2020.01.23.,"현대차, 인도서 'JD파워 품질상' 휩쓸어"
306,2020.01.23.,"엘리엇, 현대차에 ‘백기’… 정의선 미래 구상 탄력"
307,2020.01.23.,"‘정의선의 혁신’ 먹혔나?… 현대차, 작년 매출 100조 첫 돌파"
308,2020.01.22.,배당·실적·신차효과 3박자...현대차 3년來 최대폭 급등
309,2020.01.22.,"'매출 100조' 시대 연 현대차, 대어급 신차로 글로벌 불확실성 넘는다"
310,2020.01.22.,앓던 이 사라진 현대차 지배구조 개편 본격추진
311,2020.01.22.,"현대차 지배구조 개편 발목잡던 엘리엇, 모든 지분 팔았다"
312,2020.01.22.,실적 매직 이룬 현대차… 매출 `100兆 시대` 열어
313,2020.01.22.,"현대차 공격하던 엘리엇, 지분 다 팔고 떠났다"
314,2020.01.22.,"""생큐, 팰리세이드"" 현대차 연매출 첫 100兆 돌파"
315,2020.01.22.,현대차 영업익 7년만에 반등…中 공략 `올해 이익 5%` 도전
316,2020.01.22.,현대차 매출 첫 100조원 돌파…작년 영업이익도 52% 급증
317,2020.01.22.,"제네시스·팰리세이드 高價라인 흥행… 현대차, 덜 팔고도 '매출 105兆'"
318,2020.01.22.,"현대차, SUV·환율 덕에 작년 매출 첫 100兆 돌파…영업이익률 8년 만에 반등"
319,2020.01.22.,"SUV·신차 질주···현대차, 수익 개선 시동 걸었다"
320,2020.01.22.,삼성전자 이어 현대차…매출 '100조 클럽' 추가됐다
321,2020.01.22.,"현대차, 사상 첫 매출 100조 돌파…영업익 3.7조 52%↑"
322,2020.01.21.,"현대차 노사, 설맞이 전통시장 돕기 나서"
323,2020.01.21.,삼성·현대차도 디지털세 과세 사정권···인력부족에 목소리 못내
324,2020.01.20.,[IR52 장영실상] 현대자동차 `원격 스마트 주차보조 시스템`
325,2020.01.20.,"현대차, 인도서 車 온라인판매 나선다"
326,2020.01.20.,"현대차, LG화학과 전략적 제휴 전기車 배터리 기술 확보 노리나"
327,2020.01.20.,"현대차 ""中서 수소전기차 생산"""
328,2020.01.20.,"현대차, 외국어 능통자 우대…KT&G는 협업능력 중시"
329,2020.01.20.,전통시장 살리기 나선 현대차 노사
330,2020.01.20.,현대차 中전략모델 'ix25' 판매 서서히 시동
331,2020.01.20.,"[단독] 밀린 주문 4만대 '없어 못파는' 그랜저…현대차, 긴급 증산 나서"
332,2020.01.20.,현대차·LG 전기차 배터리 동맹
333,2020.01.20.,현대차-LG화학 합작투자… 전기車 배터리 공장 추진
334,2020.01.19.,"현대차-LG화학, 전기차 배터리 공장 건설 협의"
335,2020.01.19.,[단독] 현대차-LG '의기투합'…전기차 배터리 합작공장 세운다
336,2020.01.17.,현대차 파워트레인 2종 ‘美 10대 엔진’ 선정
337,2020.01.17.,현대차 쏘나타·코나EV 美'10대엔진' 동시 수상
338,2020.01.17.,"정의선 현대차 수석부회장 ""수소차 기술·가격 경쟁력 높여 보급 장벽 낮추겠..."
339,2020.01.17.,"현대차, 쏘나타·코나 EV '세계 10대 엔진' 선정"
340,2020.01.17.,"현대차 쏘나타·코나 일렉트릭, 워즈오토 '최고 10대 엔진' 동시 수상"
341,2020.01.17.,현대차 “영국업체와 상업용 전기차 공동개발”
342,2020.01.16.,"727대→4194대 판매폭발 현대차 넥쏘 ""올해는 1만100대"""
343,2020.01.16.,"현대차 ""수소차 '넥쏘' 올해 국내서 1만대 넘게 팔겠다"""
344,2020.01.16.,현대차 “넥쏘 올 1만대 판매”
345,2020.01.16.,"현대차 'GV80', 자동차 업종 투심 회복 '신호탄' 쏘나"
346,2020.01.16.,비행택시에 4500억 쏟는 토요타…현대차와 격돌
347,2020.01.16.,현대차 “올 수소차 넥쏘 1만대 팔겠다”
348,2020.01.16.,"현대차, 상용전기차 '주도권'…英 어라이벌에 1290억 투자"
349,2020.01.16.,셀트리온 3사 합병땐 시총 32조...현대차 제치고 '톱3'
350,2020.01.16.,`비장의 무기` GV80 출시…현대차 효자될까
351,2020.01.15.,"현대차 제네시스, 첫 SUV ‘GV80’ 나왔다"
352,2020.01.15.,현대차 이어 NHN도 '마카롱택시'에 50억 투자
353,2020.01.14.,기아차 텔루라이드 ‘북미 올해의 차’선정..현대차 2년 연속 수상
354,2020.01.14.,"현대차, 설 앞두고 협력사에 납품대금 1조73억 조기 지급"
355,2020.01.14.,美항공우주 전문가 영입···현대차 '도심 비행체' 사업 가속
356,2020.01.13.,기아차 노조 파업… “현대차만큼 받아야”
357,2020.01.13.,현대차 “5년내 美시장서 100만대 팔겠다”
358,2020.01.13.,"현대차, SUV 앞세워 美서 진격… “5년내 年100만대 달성”"
359,2020.01.13.,‘안방 최강자’ 현대차 독주… 젊어진 벤츠도 질주
360,2020.01.13.,"납품대금 1조원 설前 지급… 현대차, 협력사 3000곳에"
361,2020.01.13.,"현대차, 협력사와 상생…1조 73억 설 전에 지급"
362,2020.01.13.,디지털稅 과세…삼성 '영향권' LG·현대차 '안정권'
363,2020.01.13.,"현대차, 설 전 협력사 납품대금 1조원 조기지급"
364,2020.01.13.,"현대모비스 ""미래차 8조 베팅···非현대차 매출 비중 40%로"""
365,2020.01.13.,‘신차 출격’ 현대차 실적 반등 시동
366,2020.01.13.,"현대차, 설 명절 앞두고 협력사 납품대금 조기 지급"
367,2020.01.13.,현대차 ‘신차·SUV·제네시스’ 삼각 편대로 미국 시장 공략
368,2020.01.12.,현대차 “2025년 美서 100만대 판매”
369,2020.01.12.,"현대차, 3년만에 미국 시장 판매 반등… “5년 내 100만대 돌파”"
370,2020.01.12.,"3년 만에 실적 반등 현대차 ""美 가속페달 더 밟는다"""
371,2020.01.12.,"현대차, 신차 투입해 美시장 공략..""5년 내 100만대 판매"""
372,2020.01.12.,"현대차, 'SUV·제네시스'로 美시장 공략…""2025년 年100만대 판다"""
373,2020.01.12.,"현대차 美법인, ""미국·일본차 고객 넘어온다""...'2025년 100만대 돌파 목표'"
374,2020.01.12.,"현대차 ""SUV·제네시스, 2025년까지 美서 100만대 판매"""
375,2020.01.12.,"현대차 ""2025년까지 미국 판매량, 年100만대 달성"""
376,2020.01.12.,현대차 “2025년 미국 판매 100만대 넘어서겠다”
377,2020.01.12.,현대차 '매출 100조 클럽' 가입 전망···삼성電·SK㈜ 이어 세 번째
378,2020.01.12.,"현대차 ""5년내 미국판매 100만대시대 열겠다"""
379,2020.01.12.,"현대차, 美 성공 자신감 ""2025년 100만대 브랜드로 성장"""
380,2020.01.12.,"현대차, 작년 미국 시장 판매량 4.7% 늘어…“미·일 브랜드 쪽 고객 넘어와”..."
381,2020.01.10.,"기아차 노조도 다시 '파업 빨간불'…""현대차보다 월급 더 달라"""
382,2020.01.10.,CES·실적 개선에도..힘 못쓰는 현대차
383,2020.01.10.,현대차가 '개인용 항공기' 띄워 교통지옥 잡으려면?
384,2020.01.10.,“UAM 양산 필수적… 현대차가 적격”
385,2020.01.09.,[CES 2020]테슬라도 어렵다던 '도심 항공'...현대차·우버는 왜 만났나?
386,2020.01.09.,“15년 후 하늘길로 출퇴근” NASA 출신 신재원 현대차 부사장의 예언
387,2020.01.09.,"신재원 ""현대차 비전에 반해 NASA서 이직···'도심 비행체' 승산 커"""
388,2020.01.09.,"""현대차 부스에 車가 없다, 프레임 깨라"" [CES 2020]"
389,2020.01.09.,"신재원 현대차 UAM사업부장 ""20년후 1조5천억弗 시장…도심항공 모빌리티 선점..."
390,2020.01.09.,"""S-A1 실물 보자"" 첫날에 4만4000명 인파 몰린 현대차 부스[CES 2020]"
391,2020.01.09.,현대차 '무파업' 덕분…20년만에 근로손실일수 가장 적었다
392,2020.01.09.,우버 손잡은 현대차… 도심 하늘길 함께 달린다
393,2020.01.09.,"[CES2020]신재원 부사장 ""15년뒤 UAM 수요 폭발...현대차도 승산 있다"""
394,2020.01.09.,[CES 2020]신재원 “제조역량 갖춘 현대차..‘도심 항공기’ 승산”
395,2020.01.09.,NASA 출신 신재원 부사장 “현대차 '하늘길 이동' 선도할 것”
396,2020.01.09.,현대차 정몽구재단 ‘2019 겨울방학 온드림스쿨 다빈치교실’
397,2020.01.09.,"[사설] 현대차 ""자동차 넘어 비행체""…기업들은 이렇게 치열하다"
398,2020.01.09.,"“도심 하늘길 개척하라”… 현대차, 우버 손잡고 시장 선점 도전장"
399,2020.01.09.,실물크기 현대차 PAV 프로펠러 돌아가자 ‘탄성’ 쏟아져
400,2020.01.09.,"< CES2020이 보여준 ‘내일’ >“도심 항공 모빌리티 상용화, 현대차가 유리”"
401,2020.01.08.,현대차 “개인용 비행체 2028년 상용화”… 오픈 이노베이션 가속
402,2020.01.08.,"우버와 손잡은 현대자동차, 도심 하늘길 연다"
403,2020.01.08.,"현대차 항공도시, 도요타 AI도시… CES서 내놓은 미래"
404,2020.01.08.,“PAV 직접 보자”… 현대차 전시관 관람객 쇄도
405,2020.01.08.,"현대차, 우버와 손잡았다…'개인용 비행체' 첫 공개"
406,2020.01.08.,"[CES 2020]현대차, 우버와 손잡고 '미래 도심항공 모빌리티' 선점"
407,2020.01.08.,'현대차 기술력+우버 SW' 환상조합...도심 항공이동 상용화 '시동'[CES 2020]
408,2020.01.08.,"'돌봄공백·교육소외 해소'···현대차 정몽구 재단, 농어촌 겨울방학 특별교..."
409,2020.01.08.,[CES 2020] 현대차의 도전 무대 ‘하늘’로 확장
410,2020.01.08.,"[CES2020]베일 벗은 개인 비행체…현대차, 우버와 하늘길 열다"
411,2020.01.08.,"현대차 정몽구 재단, 농어촌 특별교실 개강"
412,2020.01.08.,"현대차, 개인용 비행체 이용 ‘도심 항공 모빌리티’ 2028년 상용화"
413,2020.01.08.,"[CES 2020] 현대차, 우버 손잡고 'PAV' 띄운다…수직이륙 후 순식간에 시속 2..."
414,2020.01.08.,"현대차-우버, 도심 하늘길 뚫고'항공모빌리티 서비스'추진"
415,2020.01.08.,"실물 드러낸 `날개단 현대차`…정의선 ""우버와 손잡고 이동성 혁신"""
416,2020.01.08.,"현대차 -도요타, 수소車 이어 `미래 모빌리티 비전` 재격돌"
417,2020.01.08.,현대차·우버 ‘도심항공모빌리티’ 파트너십 체결
418,2020.01.07.,"[이코노 브리핑] 현대차, 신형 코나 일렉트릭 출시"
419,2020.01.07.,[CES2020]현대차·삼성전자가 제시한 '인간중심 미래도시' 모습은
420,2020.01.07.,[사설] 현대차가 서울 대신 LA에서 혁신사업 테스트해야 하는 현실
421,2020.01.07.,[CES2020]도심 하늘길 달린다…현대차 '모빌리티 솔루션'이 그린 미래도시
422,2020.01.07.,"'하늘·땅 넘나든다'…현대차 ""도심항공 모빌리티에 미래 건다"""
423,2020.01.07.,"[CES2020] 현대차, '나는 미래' 꿈꾸다"
424,2020.01.07.,현대차 “‘도심항공 모빌리티’ 2028년 상용화”
425,2020.01.07.,“한강? PAV로 날아갈게 기다려”…현대차 ‘미래 비전’ 발표
426,2020.01.07.,[CES 2020] 날개 펼친 현대차
427,2020.01.07.,[사설] 현대차 대변신 선언… 규제가 장애물 돼선 안된다
428,2020.01.07.,"비행기·드론 합친 모양…현대차, 2028년 ‘하늘 자동차’ 띄운다"
429,2020.01.07.,하늘길 나는 현대차… 공간의 경계 허문 모빌리티 혁신[CES 2020]
430,2020.01.07.,하늘길 개척하는 현대차...2028년 개인비행체 띄운다 [CES 2020]
431,2020.01.07.,"이상엽 현대차 디자인센터장 ""PBV, 이동수단이자 라이프 스타일 공간"""
432,2020.01.07.,현대차 비행체에 `쏠린 눈`…전세계 취재진 800여명 몰려
433,2020.01.07.,[CES 2020]현대차 미래 모빌리티 구상 출발점은 '샌프란시스코'
434,2020.01.07.,"현대차, 도심 하늘 나는 車 2028년에 띄운다"
435,2020.01.07.,"[CES 2020]현대차, 인간 중심의 미래 모빌리티 비전 공개"
436,2020.01.07.,"현대차, 전국 고속도로 휴게소 초급속 충전기 120개 설치...최대 130억원 투자"
437,2020.01.07.,'도심항공 모빌리티' 내세운 정부·현대차…벌써 돈 몰리는 곳
438,2020.01.07.,비행체~환승허브~자율차…현대차 `도심 모빌리티` 청사진
439,2020.01.07.,"[CES 2020]현대차, 도심형 비행기 만든다...2028년 상용화 목표"
440,2020.01.06.,"현대차, LA서 우버 5분의 1 요금으로 공유차 서비스"
441,2020.01.06.,"택시-우버 요금의 5분의 1… 현대차, 美 LA서 카셰어링 도전"
442,2020.01.06.,"한국서 막힌 현대차 공유사업, LA서 우버보다 싸게 출발"
443,2020.01.06.,"현대차 ‘그랜저’, 작년에도 국내서 가장 많이 팔려"
444,2020.01.06.,카셰어링·에어택시…현대차 ‘모빌리티 실험실’된 LA
445,2020.01.06.,"10.25인치 내비·공기청정 새로 적용···현대차, '2020 코나 일렉트릭' 출시"
446,2020.01.06.,"앱으로 車 찾고 문 열고… 현대차, 美서 ‘미래 모빌리티’ 실험"
447,2020.01.06.,"현대차, '2020 코나 일렉트릭' 출시"
448,2020.01.06.,"[기자수첩]삼성과 현대차, 이제는 손잡을 때"
449,2020.01.06.,"현대차 노조위원장 ""소모적 노사관계 청산"""
450,2020.01.06.,[CES 2020]車업계 신기술 라스베가스 집결..‘하늘길’ 뚫는 현대차
451,2020.01.06.,현대차 `코나 일렉트릭` 출시
452,2020.01.06.,`하늘 날겠다`는 현대차 … `미래 모빌리티 비전` 베일벗는다
453,2020.01.06.,美서 차량 공유서비스 시동 모빌리티 액셀 밟는 현대차
454,2020.01.05.,"현대차, 11년 만에 韓 점유율 50% 넘본다"
455,2020.01.05.,"삼성-LG-현대차, CES서 'AI·플라잉카'로 혁신 알린다"
456,2020.01.05.,미국 LA서 차 빌려주는 현대차
457,2020.01.05.,"""1시간에 12弗, 우버보다 싸다""…현대차, LA서 카셰어링 실험"
458,2020.01.05.,"""택시·우버보다 싸네"" 터치 몇번으로 LA서 내차된 현대차"
459,2020.01.05.,"[막 오른 CES 2020] 현대차, 카셰어링 차별화…""20분에 4달러"""
460,2020.01.05.,"디지털세 도입, 이달 말 윤곽…삼성·LG·현대차 불똥"
461,2020.01.05.,쉽고 값싼 카셰어링... LA서 싹트는 현대차 미래 모빌리티
462,2020.01.05.,"현대차, 새해 '수소시스템' 2만대 생산체제…""본격 외부 판매"""
463,2020.01.05.,"현대차, 美 LA서 최초로 '프리 플로팅' 카셰어링 서비스"
464,2020.01.05.,"[르포]“차 없어도 시내까지 편하게”..현대차, LA서 차량공유 서비스"
465,2020.01.05.,"""택시·우버보다 싸다""…현대차 LA '차량공유' 서비스 보니"
466,2020.01.03.,"현대차·현대모비스, 도심 곳곳 개인비행체 띄운다…현대차가 보여줄 특급 `에..."
467,2020.01.03.,"""올해 모빌리티 혁명 원년… 현대차가 1등 못하란법 없다"""
468,2020.01.02.,"""현대차는 실적 질주, 현대중공업·한화 흑자전환"""
469,2020.01.02.,현대차 2019년 국내 판매 ‘약진’
470,2020.01.02.,"삼성, 3나노 반도체 기술개발 성공··· 현대차는 미래 사업에 100조 투자"
471,2020.01.01.,생생한 현업 이야기 보며 취업준비…'현대차 채용 유튜브' 인기
472,2020.01.01.,"현대차 정몽구재단, SCI급 논문 제1저자 장학생 11명 배출"
473,2020.01.01.,"[벤처가 희망이다-상]④삼성·현대차 등 사내벤처 ""벤처생태계 한축"""
474,2020.01.01.,"[새 출발 2020 다시 뛰는 기업들] 위기 탈출 시동 건 현대차…""2025년까지 친..."
475,2019.12.31.,"[단독] 현대차, 전기차 세계8위→3위···정의선 승부수 통했다"
476,2019.12.31.,"현대차, 교육부와 신에너지車 인재육성 나섰다"
477,2019.12.31.,"현대차 정몽구 재단, SCI급 논문 제1저자 장학생 11명 배출"
478,2019.12.31.,"현대차 정몽구 재단, SCI급 논문 게재 장학생 시상"
479,2019.12.31.,에어쇼보다 CES…현대차 ‘하늘 나는 차’ 미래 혁신 첫선
480,2019.12.31.,현대차 코나 '2019 수출왕'
481,2019.12.30.,"[車談숲]현대차 와이파이 사태, 어떻게 생각하십니까?"
482,2019.12.30.,"작년 벤처기업 매출액 192조원으로 삼성 다음, SK 현대차보다 높았다"
483,2019.12.30.,현대차 '코나' 전기차 유럽서 판매량 7위...'모델3' 美·EU 통합 1위
484,2019.12.30.,정의선 ‘땀과 열정’으로 이룬 현대차 WRC 우승
485,2019.12.29.,"드림아이즈, 외산 뚫고 현대차 그룹 SCM 공급"
486,2019.12.28.,현대차 40대 임원 발탁
487,2019.12.27.,"현대자동차그룹, 유튜버가 아동센터 멘토로 ‘기프트카 콜럼버스’"
488,2019.12.27.,"현대차, 렌터카 빅데이터 자료 공유한다"
489,2019.12.27.,현대로템 이용배·현대차證 최병철 사장 내정
490,2019.12.27.,현대차 정몽구재단 ‘문화 나눔’…소외계층 청소년 발레공연 초청
491,2019.12.27.,"현대차, 고성능 튜닝 ‘N 퍼포먼스 파츠’ 12종 출시"
492,2019.12.27.,車 공유시장 진출 현대차… 모빌리티 전문 '모션' 설립
493,2019.12.27.,IoT로 렌터카 원격관리… 현대차 모빌리티 혁신 첫 ‘모션’
494,2019.12.26.,"현대차, 고성능 벨로스터 N 튜닝용 ‘파츠’ 12종 출시"
495,2019.12.26.,“우리가 현대차의 미래”…모비스 주가 올해 36% 점프
496,2019.12.26.,삼전·포스코·현대차…내년 전망 좋은 수출株 베팅해볼까
497,2019.12.26.,[단독]현대차 사내망 통해 임직원에 車판매 나서
498,2019.12.26.,"현대차, 고성능 벨로스터 N 튜닝용 ‘파츠’ 12종 출시"
499,2019.12.26.,"[포토] 현대차, `N 퍼포먼스 파츠` 출시"
500,2019.12.26.,"韓日 노조의 명암..토요타는 미래걱정하는데, 현대차는 와이파이 논란"
501,2019.12.26.,현대차 “렌터카 업체에 카셰어링 플랫폼 제공”
502,2019.12.25.,현대차發 수시채용 바람…유튜브 채용 설명회 눈에 띄네
503,2019.12.25.,여성이 더 많이 산 '현대차 베뉴'
504,2019.12.25.,"현대차, 내년 최대 8종 출격 `新車 풍년`"
505,2019.12.25.,현대차 ‘영동대로 카운트다운’ 31일 코엑스 앞 새해맞이 이벤트
506,2019.12.25.,현대차 임원 4%는 울산대 출신… 산업 떠받치는 현장교육 1번가
507,2019.12.25.,"현대자동차, 자존심 세워준 車… 신기록도 세웠다"
508,2019.12.25.,"삼성·현대차·SK·LG 핵심 경영진, 연초 CES2020 '출격'"
509,2019.12.24.,"[단독]현대차, 17년만에 연간 국내판매 70만대 돌파"
510,2019.12.24.,"'안방 최강' 현대차 ""다음 목적지는 글로벌·미래차"""
511,2019.12.24.,현대차 울산공장 와이파이 끊었다
512,2019.12.24.,현대차와 수소연료전지 개발협력 MOU 등 한국-스웨덴 경제협력 기틀 마련했다
513,2019.12.24.,"현대차, ‘근무중 와이파이’ 다시 제한… 노조 반발로 철회한지 13일만에"
514,2019.12.23.,"외국인, 현대차 매도 공세…지분율 '8년 만에 최저'"
515,2019.12.23.,삼성·LG TV 화질 경쟁 ‘불꽃’… 현대차 ‘개인용 비행기’ 주목
516,2019.12.23.,"현대차, 제네시스 출범 4년 만에 국내외서 누적 판매 30만대 돌파"
517,2019.12.23.,“인간 중심 미래 모빌리티 비전 제시”… 현대차 ‘CES 2020’서 공개 예정
518,2019.12.22.,"현대차 고급차 브랜드 제네시스, 출시 4년 만에 최대 위기"
519,2019.12.22.,"현대차, 통합 고객 서비스 앱 '마이현대' 출시"
520,2019.12.21.,"현대차, 인간 중심 미래 모빌리티 공개"
521,2019.12.20.,"현대차, 인간중심 모빌리티 비전 공개"
522,2019.12.20.,현대차 ‘인간 중심 미래 모빌리티’ 공개
523,2019.12.20.,"현대차, CES서 미래 모빌리티 비전 공개"
524,2019.12.20.,"현대차가 그린 미래도시, CES서 공개합니다"
525,2019.12.20.,[포토] 비행체로 출퇴근…현대차 CES서 모빌리티 비전
526,2019.12.20.,"현대차·도로公, 고속도로 휴게소 12곳에 초고속 전기차 충전소"
527,2019.12.20.,"현대차, `테크데이`서 신기술 공유…車부품사 경쟁력 키워"
528,2019.12.20.,현대차 자사주 매입 나서자 기관도 덩달아 ‘사자’
529,2019.12.20.,현대차-도로공사 손잡고 내년 전기·수소 충전 12곳 설치
530,2019.12.19.,"[경제 브리핑] 현대차, 스웨덴 회사와 수소전지 협업"
531,2019.12.19.,현대차 VR로 차량 개발
532,2019.12.19.,VR로 설계·품평… 현대차 ‘가상 개발 프로세스’ 본격 가동
533,2019.12.18.,"현대자동차, 美서 SUV 판매 증가…4분기 '깜짝실적 기대' 커진다"
534,2019.12.18.,"현대차, 스웨덴과 수소연료전지 기술개발"
535,2019.12.18.,영화처럼 가상 환경서 자동차 개발… 현대차 ‘버추얼 프로세스’ 본격 가동
536,2019.12.18.,"GM, 현대차에 소송 “자율주행차 핵심 인력 빼갔다”"
537,2019.12.18.,"현대차, 수소차 코팅기술 개발 `가속페달`"
538,2019.12.18.,큰형님 현대차만 `나홀로 선방`… 외국계3社 툭하면 파업에 부진
539,2019.12.18.,SF영화처럼…현대차 VR로 신차 디자인
540,2019.12.18.,"[포토] 현대차, VR로 신차 개발한다"
541,2019.12.18.,"형님 추격하는 동생...현대모비스, 현대차 시총 격차 8,000억대로 좁혀"
542,2019.12.18.,"현대차, 수소전기차 기술 고도화 가속"
543,2019.12.18.,현대차·기아차 VR로 자동차 설계한다
544,2019.12.18.,"현대·기아차-협력부품사, 손 잡고 내연기관에서 미래차로 나간다...현대차 1..."
545,2019.12.18.,현대차가 미래차를 만드는 법…설계·디자인도 '가상현실'로
546,2019.12.18.,"[르포]150억원 투입한 현대차 VR 품평장…""VR로 틈새까지 뜯어봐"""
547,2019.12.18.,[유레카] 현대차 ‘와이파이 사태’와 삼성차의 ‘눈물’
548,2019.12.18.,日 수소기술 뽐내는 무대에 현대차 '넥쏘' 가지고 간다
549,2019.12.18.,"현대차 정몽구재단, 2019온드림스쿨 우수동아리 시상"
550,2019.12.17.,"[포토] 현대차, 포터 II 일렉트릭 1호차 전달"
551,2019.12.17.,현대차 정몽구 재단 “미래인재 양성”…온드림스쿨 우수동아리 시상
552,2019.12.17.,현대차 '포터Ⅱ 일렉트릭' 1호차 전달
553,2019.12.17.,"기아차 노조 18일부터 부분 파업 ""현대차보다 더 달라"""
554,2019.12.17.,"현대차, WTCR 드라이버 부문 2년 연속 종합우승"
555,2019.12.16.,"현대차, WTCR 드라이버 부문 2년 연속 우승컵"
556,2019.12.16.,유럽 내년 환경규제 강화…현대차 '코나EV'로 전력질주
557,2019.12.16.,"현대차, 해외법인장 회의 돌입… 中시장 판매량 회복 논의 집중"
558,2019.12.16.,"신용도 하락에도 변함없이… 현대차, 고배당주 매력 뿜뿜"
559,2019.12.16.,[포토] 현대차 WTCR 우승
560,2019.12.16.,삼성생명·현대차·카카오…겨울방학 인턴으로 `스펙 UP`
561,2019.12.16.,"""모터스포츠 명가로""…현대차 WTCR 2년 연속 종합 우승"
562,2019.12.16.,日강세 중동서 홀로 질주한 현대차 '쏘나타'..판매·성능평가↑
563,2019.12.15.,"印尼 가는 현대차, 모비스 없이 현지업체와 달린다"
564,2019.12.14.,현대차·BTS 티켓도 경품···21~29일 신촌서 열리는 ‘마켓·축제’
565,2019.12.13.,"현대차, 그랩 손잡고 인도네시아에 전기차 공급"
566,2019.12.13.,車의 본고장 독일 사로잡은 현대차 ‘N’
567,2019.12.13.,"그랩 손잡고···현대차, 인도네시아 전기차 공유시장 출사표"
568,2019.12.13.,`아이오닉` 내세워…현대차 印尼 공유차시장 시동
569,2019.12.13.,"현대차·서울시, GBC 공공기여 이행 협약"
570,2019.12.13.,"현대차 i30패스트백N, 獨 올해의 스포츠카 1위에"
571,2019.12.13.,쏘나타 핵심고객 된 '2030세대'…현대차 차주 젊어진다
572,2019.12.13.,"미래차 시대, 낡은 과거 속의 현대차 울산공장[현장에서/김도형]"
573,2019.12.13.,[사설] 곁눈질로 휴대폰 보며 조립하는 현대차 차량
574,2019.12.13.,"닻 올린 GBC 공공기여 사업…서울시-현대차, 이행 협약 체결"
575,2019.12.13.,"현대차 정몽구재단, 사회공헌협력기관에 감사 행사"
576,2019.12.13.,"현대차, 인니 ‘그랩’ 아이오닉 일렉트릭 20대 공급…“EV 모빌리티 서비스 ..."
577,2019.12.12.,현대차 ‘근무중 와이파이 제한’ 노조반발에 일단 철회
578,2019.12.12.,"현대차, 내년 두바이 하이브리드 택시 발주물량 78% 따냈다"
579,2019.12.11.,현대차 ‘포터Ⅱ 일렉트릭’ 출발...국내 상용전기차 시대 열리다
580,2019.12.11.,"현대차 소형트럭 포터Ⅱ, 전기차로 '시동'"
581,2019.12.11.,"현대차, 첫 소형 전기트럭 포터II 일렉트릭 출시"
582,2019.12.11.,“근무중 와이파이 끊는다고 투쟁?… 현대차 노조원인게 부끄럽다”
583,2019.12.11.,"현대차, 전기트럭 시장 진입...상용 전기차 대중화 빨라진다"
584,2019.12.11.,"현대차, 첫 전기트럭 출시… 상용전기차 시장 본격진출"
585,2019.12.11.,"현대차, 소형 전기트럭 ‘포터2 일렉트릭’ 출시"
586,2019.12.11.,"현대차, UAE 두바이에 '쏘나타 하이브리드' 택시 최다 물량 수주"
587,2019.12.11.,"""조합원도 부끄럽다""…현대차 공장 다시 '와이파이존'"
588,2019.12.11.,와이파이發 여론 역풍에···한걸음씩 물러선 현대차 노사
589,2019.12.11.,[기자24시] 현대차 새 노조는 다르기를…
590,2019.12.11.,"""작업할때 유튜브 왜 못보냐""…노조가 반발하자 현대차 협상 나섰다"
591,2019.12.11.,"현대차 하이브리드 택시, 두바이 누빈다"
592,2019.12.11.,"현대차 포터II, 전기차로 재탄생"
593,2019.12.11.,"현대차, 두바이 하이브리드 택시 80% 수주"
594,2019.12.11.,"현대차, 국내 최초 ‘소형 전기 트럭’ 출시"
595,2019.12.10.,"""와이파이 하지마"" vs ""특근 안 해""…현대차 노사 '왜?'"
596,2019.12.10.,[경제 브리핑] 현대차 250억원 이웃돕기 성금
597,2019.12.10.,"현대차, 이웃돕기 성금 250억원 기탁"
598,2019.12.10.,"현대차, 이웃돕기 성금 250억… 17년간 2840억 기탁"
599,2019.12.10.,"현대차, 글로벌 카페이먼트 시장 진출...기술 선점으로 실질적 표준 겨냥"
600,2019.12.10.,[프리즘] 현대차의 변화…한국 노사 관계 새 바람 되길
601,2019.12.09.,"현대차, 이웃돕기 성금 250억 전달"
602,2019.12.09.,킥보드·자전거 공유·콜버스까지… 영역 넓히는 현대차
603,2019.12.09.,"자율주행차 속도 내는 현대차, 알리바바와 손 잡을까"
604,2019.12.09.,현대차 '쏘나타 센슈어스' 7박8일 시승 이벤트
605,2019.12.09.,강성 노조·현대차 격려금 변수 …기아차 임단협 `공회전`
606,2019.12.08.,근무시간 와이파이 끈다고 했더니…현대차 노조 '발끈'
607,2019.12.08.,'국내 SUV 명가=현대차' 공식 더하다
608,2019.12.08.,"스위티·세이프티·액티비티… 현대차, 茶를 나누다"
609,2019.12.08.,[사설] “뻥 파업 안 한다”는 현대차 새 노조 집행부에 거는 기대
610,2019.12.06.,이상수 현대차 새 노조지부장 “조합원도 시대 변화 인지해야”
611,2019.12.06.,"[사설] ""귀족노조 오명 벗겠다""는 현대차 지부장, 실천을 기대한다"
612,2019.12.06.,"현대차, 하언태 울산공장장 사장 승진"
613,2019.12.06.,"30년을 공장에서… 현대차 하언태, 사장으로 승진"
614,2019.12.06.,착공 앞둔 현대차 GBC…121만명 일자리 생긴다
615,2019.12.06.,[인사] 현대자동차 外
616,2019.12.05.,현대차 “6년간 61조 투자… 세계 車시장 5%대 점유율 확보”
617,2019.12.05.,[사설]현대차 노조 최대 과제는 경쟁력 확보다
618,2019.12.05.,"허언태 현대차 울산공장장, 사장 승진…""국내생산담당"""
619,2019.12.05.,"현대차 하언태 부사장, 사장 승진"
620,2019.12.05.,"현대차 '무분규 성과'…하언태 울산공장장, 사장 승진"
621,2019.12.05.,"현대차 하언태 부사장, 사장 승진"
622,2019.12.05.,"이상수 현대차 새 노조위원장의 반성문 ""노조의 무분별한 파업 때문에 국민이..."
623,2019.12.05.,"""안티 현대차 국민 늘어나선 안돼..시대변화 맞춰 노사 머리맞대야"""
624,2019.12.05.,현대차 2025년까지 61조 투자…“스마트 모빌리티 회사로”
625,2019.12.05.,하언태 현대차 울산공장장 사장 승진..年 178만대 국내생산도 총괄
626,2019.12.05.,'현대차 안티' 척결하겠다는 새 노조위원장
627,2019.12.05.,[피플&데이터] 현대차 정의선의 61조 통큰 베팅…스마트 모빌리티 ‘2025 큰 ...
628,2019.12.05.,현대차 노조위원장 6년 만에 ‘실리파’ 당선
629,2019.12.05.,"현대차, 61조원 미래차에… 2025년 글로벌 점유율 5% ‘시동’"
630,2019.12.05.,[뉴스분석] 일자리 절박했다…현대차 노조 ‘실리 변신’
631,2019.12.05.,"현대차 노조, 강성시대 끝날까"
632,2019.12.05.,"현대차 ""네이버·우버가 경쟁 상대"""
633,2019.12.05.,"현대차 노조, ‘실리파’ 위원장 택했다"
634,2019.12.05.,"현대차, 6년간 61兆 투자… “전기-수소차 세계 3위 오르겠다”"
635,2019.12.04.,현대차 “지능형 모빌리티 기업 변신”… 6년간 61조 투자
636,2019.12.04.,[IR52 장영실상] 현대자동차 / `다중골격 엔진룸 차량 구조`
637,2019.12.04.,현대차가 '뉴욕 패션위크'에 등장한 까닭은
638,2019.12.04.,현대차 노조 차기 지부장 '강성' 대신 '실리' 선택
639,2019.12.04.,‘스마트모빌리티 솔루션기업’…현대차 ‘2025 전략’ 내놨다
640,2019.12.04.,미래차 경쟁력 ‘협력’이 필수…‘변화·안정’ 택한 현대차 노조
641,2019.12.04.,현대차 “2025년까지 61조 투자…글로벌 3대 전동차 기업 도약”
642,2019.12.04.,"현대차, 지능형 모빌리티 제품·서비스 양축으로...6년간 61조 투자"
643,2019.12.04.,"현대차 ""韓·인도, 허브 생산기지 육성…중동·아프리카 등 新시장 개척"""
644,2019.12.04.,"""더 이상 `뻥`파업은 없다"" 현대차 실리노조의 등장"
645,2019.12.04.,현대차 노조 강경투쟁 사그라들까
646,2019.12.04.,"현대차, 123명 재취업 지원"
647,2019.12.04.,[지평선] 현대차 노조위원장의 반성문
648,2019.12.04.,"""현대차 귀족노조 오명 탈피""…노조지부장 6년 만에 '중도파'"
649,2019.12.04.,미래차 향해 '직진'… 현대차 2025년까지 61조 투자
650,2019.12.04.,"현대차, 6년간 61兆 투자…""전기·수소車 톱3 되겠다"""
651,2019.12.04.,현대차 “스마트 모빌리티에 미래 건다”
652,2019.12.04.,"현대차, 2025년까지 61조 투자한다"
653,2019.12.04.,'실리'로 핸들 꺾은 현대차 노조···'투쟁' 머리띠 푸나
654,2019.12.04.,"현대차 6년간 61.1조 투자…""스마트 모빌리티 솔루션 기업""(종합)"
655,2019.12.04.,전동화·자율주행에 20兆···'스마트 모빌리티 현대차' 시동
656,2019.12.04.,"전기차·AI·로봇에 20兆 투자…현대차 ""모빌리티 회사로 변신"""
657,2019.12.04.,"[fn사설] 현대차의 변신, 규제가 발목잡는 일 없길"
658,2019.12.04.,회사는 '미래' 노조는 '실리'…현대차 '변화의 날'
659,2019.12.04.,로보택시·개인 비행체…현대차 ‘지능형 모빌리티’ 60조 투자
660,2019.12.04.,"현대차 노조, 새 지부장 이상수씨 선출"
661,2019.12.04.,현대차 11월 美판매량 6%↑·기아차는 12%↑… 부활 ‘가속페달’
662,2019.12.04.,현대차 2025년까지 61조원 투자
663,2019.12.04.,"""재취업률 54%""..현대차 신중년 재취업 빛났다"
664,2019.12.04.,현대차 ‘굿잡 5060’ 신중년 123명에 일자리
665,2019.12.03.,"""현대차 공장이 온다"" 설레는 인니 치카랑"
666,2019.12.03.,"현대차 인도 판매량, 10개월만에 반등"
667,2019.12.03.,"6년 만에 확 바꿨다...현대차, 신형 i10 터키서 양산 개시"
668,2019.12.03.,현대차 끊임없는 혁신 뒤엔 ‘게임 체인저’ 정의선 있었다
669,2019.12.03.,현대차 '팰리세이드' 12월에 5000대 이상 풀린다
670,2019.12.03.,현대차 판매 넉달 연속 감소
671,2019.12.03.,[이정환의 시승기-현대차 ‘더 뉴 그랜저 3.3캘리그래피’] 정숙 주행…고급라...
672,2019.12.03.,현대차 3차 아래 완성차 3사
673,2019.12.03.,[사설] 현대차 노조위원장의 반성… 車산업만의 문제 아니다
674,2019.12.02.,현대차 노조 3일 결선투표
675,2019.12.02.,현대차 노조위원장 “우리는 10%내 기득권 세력”…노동운동 변화로 이어지나...
676,2019.12.02.,"현대자동차, 휠체어 전동화 키트 보급…저소득층 창업차량 지원도"
677,2019.12.02.,그랜저 돌풍 타고 현대차 '내수 독주'
678,2019.12.02.,현대차 노조 선거 D-1…'실리'로 깜빡이 켤까
679,2019.12.02.,"[김지희의 타볼레오]""세단 시장 경쟁상대 없다"" 현대차 '더 뉴 그랜저'"
680,2019.12.02.,"[단독]베일벗은 현대차 AI 비밀조직 ""미래엔 차만 팔지 않아"""
681,2019.12.02.,[사설]“우리만 잘살자는 투쟁 재고하자”는 현대차 노조위원장 충고
682,2019.12.01.,"현대차, '앱으로 부르는 동네버스' 영종국제도시 달린다"
683,2019.12.01.,[이번주 추천주] '新바람' 부는 현대차·카카오 주목
684,2019.12.01.,현대차 `AI 콜버스` 첫선…인천 영종도서 시범 운영
685,2019.12.01.,"현대차·현대중 노조, 지역 청년 지원"
686,2019.12.01.,"현대차, 부르면 달려오는 'I-MOD' 버스"
687,2019.12.01.,"""택시 말고 '버스 콜'""…현대차, 인천서 버스공유 서비스"
